timestamp,cadence,gct,heart_rate,index
1707273745.0,0.0,0.0,0.0,1
1707273746.0,0.0,0.0,0.0,2
1707273747.0,0.0,0.0,0.0,3
1707273748.0,0.0,0.0,0.0,4
1707273749.0,0.0,0.0,0.0,5
1707273750.0,0.0,0.0,0.0,6
1707273751.0,0.0,0.0,0.0,7
1707273752.0,0.0,0.0,0.0,8
1707273753.0,0.0,0.0,0.0,9
1707273754.0,0.0,0.0,0.0,10
1707273755.0,0.0,0.0,0.0,11
1707273756.0,170.0,0.0,0.0,12
1707273757.0,170.0,0.0,0.0,13
1707273758.0,170.0,0.0,0.0,14
1707273759.0,170.0,0.0,0.0,15
1707273760.0,168.0,0.0,0.0,16
1707273761.0,168.0,0.0,0.0,17
1707273762.0,168.0,0.0,0.0,18
1707273763.0,168.0,0.0,0.0,19
1707273764.0,168.0,0.0,0.0,20
1707273765.0,168.0,0.0,0.0,21
1707273766.0,168.0,0.0,0.0,22
1707273767.0,168.0,0.0,0.0,23
1707273768.0,166.0,0.0,0.0,24
1707273769.0,166.0,0.0,0.0,25
1707273770.0,166.0,0.0,0.0,26
1707273771.0,166.0,0.0,96.0,27
1707273772.0,166.0,0.0,96.0,28
1707273773.0,166.0,0.0,96.0,29
1707273774.0,166.0,0.0,96.0,30
1707273775.0,166.0,0.0,96.0,31
1707273776.0,166.0,0.0,97.0,32
1707273777.0,166.0,0.0,97.0,33
1707273778.0,166.0,0.0,97.0,34
1707273779.0,166.0,0.0,97.0,35
1707273780.0,166.0,0.0,97.0,36
1707273781.0,166.0,0.0,98.0,37
1707273782.0,166.0,0.0,99.0,38
1707273783.0,166.0,0.0,99.0,39
1707273784.0,166.0,0.0,99.0,40
1707273785.0,166.0,0.0,99.0,41
1707273786.0,166.0,0.0,100.0,42
1707273787.0,166.0,0.0,100.0,43
1707273788.0,166.0,0.0,100.0,44
1707273789.0,166.0,0.0,100.0,45
1707273790.0,166.0,0.0,100.0,46
1707273791.0,166.0,0.0,101.0,47
1707273792.0,164.0,0.0,101.0,48
1707273793.0,164.0,0.0,102.0,49
1707273794.0,164.0,0.0,102.0,50
1707273795.0,164.0,0.0,103.0,51
1707273796.0,164.0,0.0,103.0,52
1707273797.0,164.0,0.0,103.0,53
1707273798.0,164.0,0.0,106.0,54
1707273799.0,164.0,0.0,109.0,55
1707273800.0,164.0,0.0,110.0,56
1707273801.0,164.0,0.0,110.0,57
1707273802.0,164.0,0.0,111.0,58
1707273803.0,164.0,0.0,111.0,59
1707273804.0,164.0,0.0,111.0,60
1707273805.0,164.0,0.0,111.0,61
1707273806.0,164.0,0.0,112.0,62
1707273807.0,164.0,0.0,112.0,63
1707273808.0,164.0,0.0,112.0,64
1707273809.0,164.0,0.0,112.0,65
1707273810.0,162.0,0.0,112.0,66
1707273811.0,162.0,0.0,112.0,67
1707273812.0,162.0,0.0,112.0,68
1707273813.0,162.0,0.0,112.0,69
1707273814.0,162.0,0.0,112.0,70
1707273815.0,162.0,0.0,112.0,71
1707273816.0,162.0,0.0,112.0,72
1707273817.0,162.0,0.0,112.0,73
1707273818.0,162.0,0.0,112.0,74
1707273819.0,162.0,0.0,113.0,75
1707273820.0,162.0,0.0,113.0,76
1707273821.0,162.0,0.0,113.0,77
1707273822.0,162.0,0.0,113.0,78
1707273823.0,162.0,0.0,113.0,79
1707273824.0,162.0,0.0,113.0,80
1707273825.0,162.0,0.0,113.0,81
1707273826.0,162.0,0.0,113.0,82
1707273827.0,162.0,0.0,113.0,83
1707273828.0,162.0,0.0,113.0,84
1707273829.0,162.0,0.0,113.0,85
1707273830.0,162.0,0.0,115.0,86
1707273831.0,162.0,0.0,116.0,87
1707273832.0,162.0,0.0,118.0,88
1707273833.0,162.0,0.0,120.0,89
1707273834.0,162.0,0.0,120.0,90
1707273835.0,162.0,0.0,120.0,91
1707273836.0,162.0,0.0,121.0,92
1707273837.0,162.0,0.0,121.0,93
1707273838.0,162.0,0.0,121.0,94
1707273839.0,162.0,0.0,121.0,95
1707273840.0,162.0,0.0,121.0,96
1707273841.0,162.0,0.0,121.0,97
1707273842.0,162.0,0.0,121.0,98
1707273843.0,162.0,0.0,121.0,99
1707273844.0,162.0,0.0,121.0,100
1707273845.0,162.0,0.0,121.0,101
1707273846.0,162.0,0.0,122.0,102
1707273847.0,162.0,0.0,122.0,103
1707273848.0,162.0,0.0,122.0,104
1707273849.0,162.0,0.0,122.0,105
1707273850.0,162.0,0.0,122.0,106
1707273851.0,162.0,0.0,122.0,107
1707273852.0,162.0,0.0,123.0,108
1707273853.0,162.0,0.0,123.0,109
1707273854.0,160.0,0.0,123.0,110
1707273855.0,160.0,0.0,124.0,111
1707273856.0,160.0,0.0,124.0,112
1707273857.0,160.0,0.0,124.0,113
1707273858.0,160.0,0.0,125.0,114
1707273859.0,160.0,0.0,125.0,115
1707273860.0,160.0,0.0,125.0,116
1707273861.0,160.0,0.0,125.0,117
1707273862.0,160.0,0.0,126.0,118
1707273863.0,160.0,0.0,126.0,119
1707273864.0,158.0,0.0,126.0,120
1707273865.0,158.0,0.0,126.0,121
1707273866.0,158.0,0.0,127.0,122
1707273867.0,158.0,0.0,127.0,123
1707273868.0,158.0,0.0,127.0,124
1707273869.0,158.0,0.0,127.0,125
1707273870.0,158.0,0.0,127.0,126
1707273871.0,158.0,0.0,127.0,127
1707273872.0,158.0,0.0,127.0,128
1707273873.0,158.0,0.0,127.0,129
1707273874.0,158.0,0.0,127.0,130
1707273875.0,160.0,0.0,127.0,131
1707273876.0,160.0,0.0,127.0,132
1707273877.0,160.0,0.0,127.0,133
1707273878.0,160.0,0.0,127.0,134
1707273879.0,160.0,0.0,127.0,135
1707273880.0,160.0,0.0,127.0,136
1707273881.0,160.0,0.0,127.0,137
1707273882.0,160.0,0.0,127.0,138
1707273883.0,160.0,0.0,127.0,139
1707273884.0,160.0,0.0,127.0,140
1707273885.0,160.0,0.0,127.0,141
1707273886.0,160.0,0.0,127.0,142
1707273887.0,160.0,0.0,127.0,143
1707273888.0,160.0,0.0,127.0,144
1707273889.0,160.0,0.0,127.0,145
1707273890.0,160.0,0.0,128.0,146
1707273891.0,160.0,0.0,129.0,147
1707273892.0,160.0,0.0,130.0,148
1707273893.0,160.0,0.0,131.0,149
1707273894.0,160.0,0.0,133.0,150
1707273895.0,160.0,0.0,133.0,151
1707273896.0,160.0,0.0,135.0,152
1707273897.0,160.0,0.0,136.0,153
1707273898.0,160.0,0.0,136.0,154
1707273899.0,160.0,0.0,136.0,155
1707273900.0,160.0,0.0,136.0,156
1707273901.0,160.0,0.0,136.0,157
1707273902.0,160.0,0.0,136.0,158
1707273903.0,160.0,0.0,136.0,159
1707273904.0,160.0,0.0,136.0,160
1707273905.0,160.0,0.0,136.0,161
1707273906.0,160.0,0.0,136.0,162
1707273907.0,160.0,0.0,136.0,163
1707273908.0,160.0,0.0,136.0,164
1707273909.0,160.0,0.0,136.0,165
1707273910.0,160.0,0.0,136.0,166
1707273911.0,160.0,0.0,136.0,167
1707273912.0,160.0,0.0,136.0,168
1707273913.0,160.0,0.0,136.0,169
1707273914.0,160.0,0.0,136.0,170
1707273915.0,160.0,0.0,135.0,171
1707273916.0,160.0,0.0,135.0,172
1707273917.0,160.0,0.0,134.0,173
1707273918.0,160.0,0.0,133.0,174
1707273919.0,160.0,0.0,132.0,175
1707273920.0,160.0,0.0,132.0,176
1707273921.0,160.0,0.0,132.0,177
1707273922.0,160.0,0.0,133.0,178
1707273923.0,160.0,0.0,133.0,179
1707273924.0,160.0,0.0,134.0,180
1707273925.0,160.0,0.0,134.0,181
1707273926.0,160.0,0.0,134.0,182
1707273927.0,160.0,0.0,134.0,183
1707273928.0,160.0,0.0,135.0,184
1707273929.0,160.0,0.0,135.0,185
1707273930.0,160.0,0.0,135.0,186
1707273931.0,160.0,0.0,135.0,187
1707273932.0,160.0,0.0,135.0,188
1707273933.0,160.0,0.0,136.0,189
1707273934.0,160.0,0.0,136.0,190
1707273935.0,160.0,0.0,136.0,191
1707273936.0,160.0,0.0,136.0,192
1707273937.0,160.0,0.0,136.0,193
1707273938.0,160.0,0.0,136.0,194
1707273939.0,160.0,0.0,135.0,195
1707273940.0,160.0,0.0,135.0,196
1707273941.0,160.0,0.0,135.0,197
1707273942.0,160.0,0.0,136.0,198
1707273943.0,160.0,0.0,136.0,199
1707273944.0,160.0,0.0,136.0,200
1707273945.0,160.0,0.0,135.0,201
1707273946.0,160.0,0.0,135.0,202
1707273947.0,160.0,0.0,135.0,203
1707273948.0,160.0,0.0,135.0,204
1707273949.0,160.0,0.0,136.0,205
1707273950.0,160.0,0.0,136.0,206
1707273951.0,160.0,0.0,136.0,207
1707273952.0,160.0,0.0,136.0,208
1707273953.0,160.0,0.0,136.0,209
1707273954.0,160.0,0.0,136.0,210
1707273955.0,160.0,0.0,136.0,211
1707273956.0,160.0,0.0,136.0,212
1707273957.0,160.0,0.0,136.0,213
1707273958.0,160.0,0.0,136.0,214
1707273959.0,162.0,0.0,136.0,215
1707273960.0,160.0,0.0,136.0,216
1707273961.0,160.0,0.0,136.0,217
1707273962.0,160.0,0.0,135.0,218
1707273963.0,160.0,0.0,135.0,219
1707273964.0,160.0,0.0,135.0,220
1707273965.0,160.0,0.0,135.0,221
1707273966.0,160.0,0.0,135.0,222
1707273967.0,160.0,0.0,135.0,223
1707273968.0,160.0,0.0,135.0,224
1707273969.0,160.0,0.0,135.0,225
1707273970.0,160.0,0.0,135.0,226
1707273971.0,160.0,0.0,135.0,227
1707273972.0,160.0,0.0,135.0,228
1707273973.0,160.0,0.0,135.0,229
1707273974.0,160.0,0.0,135.0,230
1707273975.0,160.0,0.0,135.0,231
1707273976.0,160.0,0.0,135.0,232
1707273977.0,160.0,0.0,135.0,233
1707273978.0,160.0,0.0,135.0,234
1707273979.0,160.0,0.0,135.0,235
1707273980.0,160.0,0.0,134.0,236
1707273981.0,160.0,0.0,134.0,237
1707273982.0,160.0,0.0,134.0,238
1707273983.0,160.0,0.0,134.0,239
1707273984.0,160.0,0.0,134.0,240
1707273985.0,160.0,0.0,134.0,241
1707273986.0,160.0,0.0,134.0,242
1707273987.0,160.0,0.0,134.0,243
1707273988.0,160.0,0.0,134.0,244
1707273989.0,160.0,0.0,134.0,245
1707273990.0,160.0,0.0,134.0,246
1707273991.0,160.0,0.0,134.0,247
1707273992.0,160.0,0.0,134.0,248
1707273993.0,160.0,0.0,134.0,249
1707273994.0,158.0,0.0,134.0,250
1707273995.0,158.0,0.0,134.0,251
1707273996.0,156.0,0.0,134.0,252
1707273997.0,156.0,0.0,134.0,253
1707273998.0,156.0,0.0,134.0,254
1707273999.0,156.0,0.0,134.0,255
1707274000.0,156.0,0.0,134.0,256
1707274001.0,156.0,0.0,135.0,257
1707274002.0,156.0,0.0,135.0,258
1707274003.0,158.0,0.0,135.0,259
1707274004.0,158.0,0.0,136.0,260
1707274005.0,158.0,0.0,136.0,261
1707274006.0,158.0,0.0,136.0,262
1707274007.0,158.0,0.0,136.0,263
1707274008.0,158.0,0.0,137.0,264
1707274009.0,158.0,0.0,137.0,265
1707274010.0,158.0,0.0,138.0,266
1707274011.0,158.0,0.0,138.0,267
1707274012.0,158.0,0.0,138.0,268
1707274013.0,158.0,0.0,138.0,269
1707274014.0,158.0,0.0,137.0,270
1707274015.0,158.0,0.0,137.0,271
1707274016.0,158.0,0.0,137.0,272
1707274017.0,158.0,0.0,137.0,273
1707274018.0,158.0,0.0,137.0,274
1707274019.0,158.0,0.0,137.0,275
1707274020.0,158.0,0.0,137.0,276
1707274021.0,158.0,0.0,137.0,277
1707274022.0,158.0,0.0,137.0,278
1707274023.0,158.0,0.0,136.0,279
1707274024.0,158.0,0.0,136.0,280
1707274025.0,158.0,0.0,136.0,281
1707274026.0,158.0,0.0,136.0,282
1707274027.0,158.0,0.0,136.0,283
1707274028.0,158.0,0.0,136.0,284
1707274029.0,158.0,0.0,136.0,285
1707274030.0,158.0,0.0,136.0,286
1707274031.0,158.0,0.0,136.0,287
1707274032.0,158.0,0.0,136.0,288
1707274033.0,158.0,0.0,136.0,289
1707274034.0,158.0,0.0,137.0,290
1707274035.0,158.0,0.0,136.0,291
1707274036.0,158.0,0.0,136.0,292
1707274037.0,160.0,0.0,136.0,293
1707274038.0,160.0,0.0,136.0,294
1707274039.0,160.0,0.0,137.0,295
1707274040.0,158.0,0.0,137.0,296
1707274041.0,158.0,0.0,137.0,297
1707274042.0,158.0,0.0,137.0,298
1707274043.0,158.0,0.0,137.0,299
1707274044.0,158.0,0.0,138.0,300
1707274045.0,158.0,0.0,138.0,301
1707274046.0,158.0,0.0,138.0,302
1707274047.0,160.0,0.0,138.0,303
1707274048.0,160.0,0.0,139.0,304
1707274049.0,160.0,0.0,139.0,305
1707274050.0,160.0,0.0,139.0,306
1707274051.0,160.0,0.0,139.0,307
1707274052.0,160.0,0.0,139.0,308
1707274053.0,160.0,0.0,138.0,309
1707274054.0,160.0,0.0,138.0,310
1707274055.0,160.0,0.0,138.0,311
1707274056.0,158.0,0.0,138.0,312
1707274057.0,158.0,0.0,138.0,313
1707274058.0,158.0,0.0,138.0,314
1707274059.0,158.0,0.0,138.0,315
1707274060.0,158.0,0.0,138.0,316
1707274061.0,160.0,0.0,138.0,317
1707274062.0,160.0,0.0,137.0,318
1707274063.0,160.0,0.0,137.0,319
1707274064.0,158.0,0.0,137.0,320
1707274065.0,158.0,0.0,138.0,321
1707274066.0,158.0,0.0,138.0,322
1707274067.0,158.0,0.0,138.0,323
1707274068.0,158.0,0.0,138.0,324
1707274069.0,158.0,0.0,138.0,325
1707274070.0,158.0,0.0,138.0,326
1707274071.0,158.0,0.0,138.0,327
1707274072.0,158.0,0.0,138.0,328
1707274073.0,158.0,0.0,138.0,329
1707274074.0,158.0,0.0,138.0,330
1707274075.0,158.0,0.0,138.0,331
1707274076.0,158.0,0.0,138.0,332
1707274077.0,160.0,0.0,138.0,333
1707274078.0,158.0,0.0,138.0,334
1707274079.0,158.0,0.0,138.0,335
1707274080.0,158.0,0.0,138.0,336
1707274081.0,160.0,0.0,138.0,337
1707274082.0,158.0,0.0,138.0,338
1707274083.0,158.0,0.0,138.0,339
1707274084.0,158.0,0.0,139.0,340
1707274085.0,158.0,0.0,139.0,341
1707274086.0,158.0,0.0,139.0,342
1707274087.0,158.0,0.0,139.0,343
1707274088.0,158.0,0.0,139.0,344
1707274089.0,160.0,0.0,139.0,345
1707274090.0,160.0,0.0,139.0,346
1707274091.0,160.0,0.0,139.0,347
1707274092.0,160.0,0.0,139.0,348
1707274093.0,160.0,0.0,139.0,349
1707274094.0,160.0,0.0,139.0,350
1707274095.0,160.0,0.0,139.0,351
1707274096.0,160.0,0.0,139.0,352
1707274097.0,160.0,0.0,139.0,353
1707274098.0,160.0,0.0,139.0,354
1707274099.0,160.0,0.0,139.0,355
1707274100.0,160.0,0.0,139.0,356
1707274101.0,160.0,0.0,139.0,357
1707274102.0,160.0,0.0,140.0,358
1707274103.0,160.0,0.0,140.0,359
1707274104.0,160.0,0.0,140.0,360
1707274105.0,160.0,0.0,141.0,361
1707274106.0,160.0,0.0,141.0,362
1707274107.0,160.0,0.0,141.0,363
1707274108.0,160.0,0.0,141.0,364
1707274109.0,160.0,0.0,141.0,365
1707274110.0,160.0,0.0,141.0,366
1707274111.0,160.0,0.0,141.0,367
1707274112.0,160.0,0.0,141.0,368
1707274113.0,160.0,0.0,140.0,369
1707274114.0,160.0,0.0,140.0,370
1707274115.0,160.0,0.0,140.0,371
1707274116.0,160.0,0.0,140.0,372
1707274117.0,160.0,0.0,140.0,373
1707274118.0,160.0,0.0,140.0,374
1707274119.0,160.0,0.0,140.0,375
1707274120.0,160.0,0.0,140.0,376
1707274121.0,160.0,0.0,140.0,377
1707274122.0,160.0,0.0,140.0,378
1707274123.0,160.0,0.0,140.0,379
1707274124.0,160.0,0.0,140.0,380
1707274125.0,160.0,0.0,140.0,381
1707274126.0,160.0,0.0,140.0,382
1707274127.0,160.0,0.0,140.0,383
1707274128.0,160.0,0.0,140.0,384
1707274129.0,160.0,0.0,140.0,385
1707274130.0,160.0,0.0,141.0,386
1707274131.0,160.0,0.0,141.0,387
1707274132.0,160.0,0.0,140.0,388
1707274133.0,160.0,0.0,140.0,389
1707274134.0,160.0,0.0,140.0,390
1707274135.0,160.0,0.0,139.0,391
1707274136.0,160.0,0.0,139.0,392
1707274137.0,160.0,0.0,138.0,393
1707274138.0,160.0,0.0,138.0,394
1707274139.0,160.0,0.0,137.0,395
1707274140.0,160.0,0.0,137.0,396
1707274141.0,160.0,0.0,137.0,397
1707274142.0,160.0,0.0,137.0,398
1707274143.0,160.0,0.0,137.0,399
1707274144.0,158.0,0.0,138.0,400
1707274145.0,158.0,0.0,138.0,401
1707274146.0,158.0,0.0,138.0,402
1707274147.0,158.0,0.0,138.0,403
1707274148.0,158.0,0.0,139.0,404
1707274149.0,158.0,0.0,139.0,405
1707274150.0,158.0,0.0,139.0,406
1707274151.0,160.0,0.0,139.0,407
1707274152.0,160.0,0.0,140.0,408
1707274153.0,160.0,0.0,140.0,409
1707274154.0,160.0,0.0,140.0,410
1707274155.0,160.0,0.0,140.0,411
1707274156.0,160.0,0.0,140.0,412
1707274157.0,160.0,0.0,140.0,413
1707274158.0,160.0,0.0,141.0,414
1707274159.0,160.0,0.0,142.0,415
1707274160.0,160.0,0.0,143.0,416
1707274161.0,160.0,0.0,143.0,417
1707274162.0,160.0,0.0,143.0,418
1707274163.0,160.0,0.0,144.0,419
1707274164.0,158.0,0.0,144.0,420
1707274165.0,158.0,0.0,144.0,421
1707274166.0,158.0,0.0,144.0,422
1707274167.0,160.0,0.0,144.0,423
1707274168.0,158.0,0.0,144.0,424
1707274169.0,158.0,0.0,144.0,425
1707274170.0,158.0,0.0,144.0,426
1707274171.0,160.0,0.0,144.0,427
1707274172.0,160.0,0.0,144.0,428
1707274173.0,160.0,0.0,144.0,429
1707274174.0,160.0,0.0,144.0,430
1707274175.0,160.0,0.0,144.0,431
1707274176.0,160.0,0.0,144.0,432
1707274177.0,160.0,0.0,144.0,433
1707274178.0,160.0,0.0,144.0,434
1707274179.0,160.0,0.0,144.0,435
1707274180.0,160.0,0.0,144.0,436
1707274181.0,160.0,0.0,144.0,437
1707274182.0,160.0,0.0,144.0,438
1707274183.0,160.0,0.0,144.0,439
1707274184.0,160.0,0.0,144.0,440
1707274185.0,160.0,0.0,144.0,441
1707274186.0,160.0,0.0,144.0,442
1707274187.0,160.0,0.0,145.0,443
1707274188.0,160.0,0.0,145.0,444
1707274189.0,160.0,0.0,145.0,445
1707274190.0,160.0,0.0,145.0,446
1707274191.0,160.0,0.0,145.0,447
1707274192.0,160.0,0.0,145.0,448
1707274193.0,160.0,0.0,145.0,449
1707274194.0,160.0,0.0,145.0,450
1707274195.0,160.0,0.0,145.0,451
1707274196.0,160.0,0.0,145.0,452
1707274197.0,160.0,0.0,145.0,453
1707274198.0,160.0,0.0,145.0,454
1707274199.0,160.0,0.0,145.0,455
1707274200.0,160.0,0.0,145.0,456
1707274201.0,160.0,0.0,145.0,457
1707274202.0,160.0,0.0,145.0,458
1707274203.0,162.0,0.0,145.0,459
1707274204.0,160.0,0.0,145.0,460
1707274205.0,160.0,0.0,145.0,461
1707274206.0,160.0,0.0,145.0,462
1707274207.0,160.0,0.0,145.0,463
1707274208.0,160.0,0.0,145.0,464
1707274209.0,160.0,0.0,145.0,465
1707274210.0,160.0,0.0,145.0,466
1707274211.0,160.0,0.0,145.0,467
1707274212.0,160.0,0.0,145.0,468
1707274213.0,160.0,0.0,145.0,469
1707274214.0,160.0,0.0,145.0,470
1707274215.0,160.0,0.0,144.0,471
1707274216.0,160.0,0.0,144.0,472
1707274217.0,160.0,0.0,144.0,473
1707274218.0,160.0,0.0,144.0,474
1707274219.0,160.0,0.0,144.0,475
1707274220.0,160.0,0.0,145.0,476
1707274221.0,160.0,0.0,145.0,477
1707274222.0,160.0,0.0,145.0,478
1707274223.0,160.0,0.0,145.0,479
1707274224.0,160.0,0.0,145.0,480
1707274225.0,160.0,0.0,144.0,481
1707274226.0,160.0,0.0,144.0,482
1707274227.0,160.0,0.0,144.0,483
1707274228.0,160.0,0.0,144.0,484
1707274229.0,160.0,0.0,144.0,485
1707274230.0,160.0,0.0,144.0,486
1707274231.0,162.0,0.0,144.0,487
1707274232.0,160.0,0.0,145.0,488
1707274233.0,160.0,0.0,145.0,489
1707274234.0,160.0,0.0,145.0,490
1707274235.0,160.0,0.0,144.0,491
1707274236.0,160.0,0.0,144.0,492
1707274237.0,160.0,0.0,144.0,493
1707274238.0,162.0,0.0,145.0,494
1707274239.0,162.0,0.0,144.0,495
1707274240.0,164.0,0.0,143.0,496
1707274241.0,166.0,0.0,143.0,497
1707274242.0,166.0,0.0,144.0,498
1707274243.0,168.0,0.0,143.0,499
1707274244.0,168.0,0.0,143.0,500
1707274245.0,168.0,0.0,143.0,501
1707274246.0,166.0,0.0,143.0,502
1707274247.0,164.0,0.0,143.0,503
1707274248.0,162.0,0.0,143.0,504
1707274249.0,162.0,0.0,143.0,505
1707274250.0,160.0,0.0,143.0,506
1707274251.0,160.0,0.0,143.0,507
1707274252.0,160.0,0.0,143.0,508
1707274253.0,160.0,0.0,143.0,509
1707274254.0,160.0,0.0,143.0,510
1707274255.0,160.0,0.0,143.0,511
1707274256.0,160.0,0.0,143.0,512
1707274257.0,160.0,0.0,143.0,513
1707274258.0,160.0,0.0,143.0,514
1707274259.0,160.0,0.0,142.0,515
1707274260.0,160.0,0.0,142.0,516
1707274261.0,160.0,0.0,142.0,517
1707274262.0,160.0,0.0,142.0,518
1707274263.0,160.0,0.0,142.0,519
1707274264.0,158.0,0.0,142.0,520
1707274265.0,158.0,0.0,142.0,521
1707274266.0,158.0,0.0,142.0,522
1707274267.0,158.0,0.0,142.0,523
1707274268.0,158.0,0.0,142.0,524
1707274269.0,158.0,0.0,142.0,525
1707274270.0,158.0,0.0,142.0,526
1707274271.0,158.0,0.0,142.0,527
1707274272.0,158.0,0.0,142.0,528
1707274273.0,158.0,0.0,142.0,529
1707274274.0,158.0,0.0,142.0,530
1707274275.0,160.0,0.0,142.0,531
1707274276.0,160.0,0.0,142.0,532
1707274277.0,160.0,0.0,141.0,533
1707274278.0,160.0,0.0,141.0,534
1707274279.0,160.0,0.0,141.0,535
1707274280.0,160.0,0.0,141.0,536
1707274281.0,160.0,0.0,141.0,537
1707274282.0,160.0,0.0,141.0,538
1707274283.0,160.0,0.0,141.0,539
1707274284.0,160.0,0.0,141.0,540
1707274285.0,160.0,0.0,141.0,541
1707274286.0,160.0,0.0,141.0,542
1707274287.0,160.0,0.0,141.0,543
1707274288.0,160.0,0.0,141.0,544
1707274289.0,160.0,0.0,141.0,545
1707274290.0,160.0,0.0,141.0,546
1707274291.0,160.0,0.0,141.0,547
1707274292.0,160.0,0.0,141.0,548
1707274293.0,160.0,0.0,141.0,549
1707274294.0,160.0,0.0,141.0,550
1707274295.0,160.0,0.0,141.0,551
1707274296.0,160.0,0.0,141.0,552
1707274297.0,160.0,0.0,141.0,553
1707274298.0,160.0,0.0,141.0,554
1707274299.0,160.0,0.0,141.0,555
1707274300.0,160.0,0.0,141.0,556
1707274301.0,160.0,0.0,141.0,557
1707274302.0,160.0,0.0,141.0,558
1707274303.0,160.0,0.0,141.0,559
1707274304.0,160.0,0.0,141.0,560
1707274305.0,160.0,0.0,140.0,561
1707274306.0,160.0,0.0,140.0,562
1707274307.0,160.0,0.0,139.0,563
1707274308.0,160.0,0.0,138.0,564
1707274309.0,160.0,0.0,138.0,565
1707274310.0,158.0,0.0,138.0,566
1707274311.0,158.0,0.0,138.0,567
1707274312.0,158.0,0.0,138.0,568
1707274313.0,160.0,0.0,138.0,569
1707274314.0,160.0,0.0,138.0,570
1707274315.0,160.0,0.0,137.0,571
1707274316.0,158.0,0.0,137.0,572
1707274317.0,158.0,0.0,136.0,573
1707274318.0,158.0,0.0,136.0,574
1707274319.0,160.0,0.0,136.0,575
1707274320.0,160.0,0.0,135.0,576
1707274321.0,160.0,0.0,135.0,577
1707274322.0,160.0,0.0,135.0,578
1707274323.0,160.0,0.0,135.0,579
1707274324.0,160.0,0.0,136.0,580
1707274325.0,160.0,0.0,136.0,581
1707274326.0,160.0,0.0,136.0,582
1707274327.0,160.0,0.0,136.0,583
1707274328.0,160.0,0.0,136.0,584
1707274329.0,160.0,0.0,136.0,585
1707274330.0,160.0,0.0,136.0,586
1707274331.0,160.0,0.0,136.0,587
1707274332.0,160.0,0.0,136.0,588
1707274333.0,160.0,0.0,136.0,589
1707274334.0,160.0,0.0,136.0,590
1707274335.0,160.0,0.0,136.0,591
1707274336.0,160.0,0.0,136.0,592
1707274337.0,160.0,0.0,136.0,593
1707274338.0,160.0,0.0,136.0,594
1707274339.0,160.0,0.0,136.0,595
1707274340.0,160.0,0.0,136.0,596
1707274341.0,160.0,0.0,135.0,597
1707274342.0,160.0,0.0,135.0,598
1707274343.0,160.0,0.0,135.0,599
1707274344.0,160.0,0.0,135.0,600
1707274345.0,160.0,0.0,135.0,601
1707274346.0,160.0,0.0,135.0,602
1707274347.0,160.0,0.0,134.0,603
1707274348.0,160.0,0.0,134.0,604
1707274349.0,160.0,0.0,134.0,605
1707274350.0,160.0,0.0,134.0,606
1707274351.0,160.0,0.0,134.0,607
1707274352.0,158.0,0.0,134.0,608
1707274353.0,158.0,0.0,134.0,609
1707274354.0,158.0,0.0,134.0,610
1707274355.0,158.0,0.0,134.0,611
1707274356.0,158.0,0.0,134.0,612
1707274357.0,160.0,0.0,134.0,613
1707274358.0,160.0,0.0,134.0,614
1707274359.0,160.0,0.0,134.0,615
1707274360.0,160.0,0.0,134.0,616
1707274361.0,160.0,0.0,134.0,617
1707274362.0,160.0,0.0,134.0,618
1707274363.0,160.0,0.0,135.0,619
1707274364.0,160.0,0.0,135.0,620
1707274365.0,160.0,0.0,135.0,621
1707274366.0,160.0,0.0,135.0,622
1707274367.0,160.0,0.0,135.0,623
1707274368.0,160.0,0.0,136.0,624
1707274369.0,160.0,0.0,136.0,625
1707274370.0,158.0,0.0,136.0,626
1707274371.0,158.0,0.0,136.0,627
1707274372.0,158.0,0.0,136.0,628
1707274373.0,158.0,0.0,136.0,629
1707274374.0,158.0,0.0,136.0,630
1707274375.0,158.0,0.0,136.0,631
1707274376.0,158.0,0.0,137.0,632
1707274377.0,158.0,0.0,137.0,633
1707274378.0,158.0,0.0,137.0,634
1707274379.0,158.0,0.0,137.0,635
1707274380.0,158.0,0.0,137.0,636
1707274381.0,158.0,0.0,137.0,637
1707274382.0,158.0,0.0,138.0,638
1707274383.0,158.0,0.0,138.0,639
1707274384.0,158.0,0.0,139.0,640
1707274385.0,158.0,0.0,139.0,641
1707274386.0,158.0,0.0,140.0,642
1707274387.0,158.0,0.0,140.0,643
1707274388.0,158.0,0.0,140.0,644
1707274389.0,160.0,0.0,140.0,645
1707274390.0,160.0,0.0,140.0,646
1707274391.0,160.0,0.0,140.0,647
1707274392.0,160.0,0.0,140.0,648
1707274393.0,160.0,0.0,140.0,649
1707274394.0,160.0,0.0,140.0,650
1707274395.0,160.0,0.0,140.0,651
1707274396.0,160.0,0.0,140.0,652
1707274397.0,160.0,0.0,139.0,653
1707274398.0,160.0,0.0,139.0,654
1707274399.0,160.0,0.0,139.0,655
1707274400.0,160.0,0.0,139.0,656
1707274401.0,160.0,0.0,139.0,657
1707274402.0,160.0,0.0,139.0,658
1707274403.0,160.0,0.0,139.0,659
1707274404.0,160.0,0.0,139.0,660
1707274405.0,160.0,0.0,139.0,661
1707274406.0,160.0,0.0,139.0,662
1707274407.0,160.0,0.0,139.0,663
1707274408.0,160.0,0.0,139.0,664
1707274409.0,160.0,0.0,139.0,665
1707274410.0,160.0,0.0,139.0,666
1707274411.0,160.0,0.0,139.0,667
1707274412.0,160.0,0.0,139.0,668
1707274413.0,160.0,0.0,139.0,669
1707274414.0,158.0,0.0,139.0,670
1707274415.0,158.0,0.0,139.0,671
1707274416.0,158.0,0.0,138.0,672
1707274417.0,158.0,0.0,139.0,673
1707274418.0,158.0,0.0,138.0,674
1707274419.0,158.0,0.0,138.0,675
1707274420.0,158.0,0.0,138.0,676
1707274421.0,158.0,0.0,138.0,677
1707274422.0,158.0,0.0,138.0,678
1707274423.0,158.0,0.0,138.0,679
1707274424.0,158.0,0.0,138.0,680
1707274425.0,158.0,0.0,138.0,681
1707274426.0,158.0,0.0,138.0,682
1707274427.0,158.0,0.0,137.0,683
1707274428.0,158.0,0.0,137.0,684
1707274429.0,158.0,0.0,136.0,685
1707274430.0,158.0,0.0,136.0,686
1707274431.0,158.0,0.0,135.0,687
1707274432.0,158.0,0.0,135.0,688
1707274433.0,158.0,0.0,136.0,689
1707274434.0,158.0,0.0,136.0,690
1707274435.0,158.0,0.0,137.0,691
1707274436.0,158.0,0.0,137.0,692
1707274437.0,158.0,0.0,137.0,693
1707274438.0,158.0,0.0,139.0,694
1707274439.0,160.0,0.0,138.0,695
1707274440.0,158.0,0.0,138.0,696
1707274441.0,158.0,0.0,139.0,697
1707274442.0,158.0,0.0,139.0,698
1707274443.0,158.0,0.0,139.0,699
1707274444.0,158.0,0.0,139.0,700
1707274445.0,158.0,0.0,139.0,701
1707274446.0,158.0,0.0,139.0,702
1707274447.0,160.0,0.0,140.0,703
1707274448.0,160.0,0.0,140.0,704
1707274449.0,160.0,0.0,140.0,705
1707274450.0,160.0,0.0,140.0,706
1707274451.0,160.0,0.0,141.0,707
1707274452.0,160.0,0.0,141.0,708
1707274453.0,160.0,0.0,141.0,709
1707274454.0,160.0,0.0,141.0,710
1707274455.0,160.0,0.0,140.0,711
1707274456.0,160.0,0.0,140.0,712
1707274457.0,160.0,0.0,141.0,713
1707274458.0,160.0,0.0,141.0,714
1707274459.0,160.0,0.0,141.0,715
1707274460.0,160.0,0.0,141.0,716
1707274461.0,160.0,0.0,141.0,717
1707274462.0,160.0,0.0,141.0,718
1707274463.0,160.0,0.0,141.0,719
1707274464.0,160.0,0.0,140.0,720
1707274465.0,160.0,0.0,140.0,721
1707274466.0,158.0,0.0,139.0,722
1707274467.0,158.0,0.0,139.0,723
1707274468.0,158.0,0.0,139.0,724
1707274469.0,160.0,0.0,139.0,725
1707274470.0,160.0,0.0,139.0,726
1707274471.0,160.0,0.0,138.0,727
1707274472.0,158.0,0.0,137.0,728
1707274473.0,158.0,0.0,136.0,729
1707274474.0,158.0,0.0,135.0,730
1707274475.0,160.0,0.0,135.0,731
1707274476.0,158.0,0.0,135.0,732
1707274477.0,158.0,0.0,135.0,733
1707274478.0,158.0,0.0,135.0,734
1707274479.0,158.0,0.0,135.0,735
1707274480.0,158.0,0.0,135.0,736
1707274481.0,158.0,0.0,135.0,737
1707274482.0,158.0,0.0,135.0,738
1707274483.0,158.0,0.0,135.0,739
1707274484.0,158.0,0.0,135.0,740
1707274485.0,158.0,0.0,135.0,741
1707274486.0,158.0,0.0,135.0,742
1707274487.0,160.0,0.0,135.0,743
1707274488.0,160.0,0.0,135.0,744
1707274489.0,160.0,0.0,135.0,745
1707274490.0,160.0,0.0,135.0,746
1707274491.0,160.0,0.0,136.0,747
1707274492.0,160.0,0.0,137.0,748
1707274493.0,160.0,0.0,137.0,749
1707274494.0,160.0,0.0,137.0,750
1707274495.0,160.0,0.0,138.0,751
1707274496.0,160.0,0.0,138.0,752
1707274497.0,160.0,0.0,138.0,753
1707274498.0,160.0,0.0,138.0,754
1707274499.0,160.0,0.0,138.0,755
1707274500.0,160.0,0.0,138.0,756
1707274501.0,160.0,0.0,137.0,757
1707274502.0,160.0,0.0,137.0,758
1707274503.0,160.0,0.0,137.0,759
1707274504.0,160.0,0.0,137.0,760
1707274505.0,160.0,0.0,137.0,761
1707274506.0,158.0,0.0,137.0,762
1707274507.0,158.0,0.0,136.0,763
1707274508.0,158.0,0.0,136.0,764
1707274509.0,158.0,0.0,136.0,765
1707274510.0,158.0,0.0,136.0,766
1707274511.0,158.0,0.0,136.0,767
1707274512.0,158.0,0.0,136.0,768
1707274513.0,160.0,0.0,136.0,769
1707274514.0,160.0,0.0,136.0,770
1707274515.0,160.0,0.0,135.0,771
1707274516.0,160.0,0.0,135.0,772
1707274517.0,160.0,0.0,135.0,773
1707274518.0,160.0,0.0,135.0,774
1707274519.0,160.0,0.0,135.0,775
1707274520.0,160.0,0.0,135.0,776
1707274521.0,160.0,0.0,135.0,777
1707274522.0,160.0,0.0,135.0,778
1707274523.0,160.0,0.0,135.0,779
1707274524.0,160.0,0.0,135.0,780
1707274525.0,160.0,0.0,135.0,781
1707274526.0,158.0,0.0,135.0,782
1707274527.0,158.0,0.0,136.0,783
1707274528.0,158.0,0.0,136.0,784
1707274529.0,158.0,0.0,137.0,785
1707274530.0,158.0,0.0,137.0,786
1707274531.0,158.0,0.0,137.0,787
1707274532.0,158.0,0.0,136.0,788
1707274533.0,158.0,0.0,136.0,789
1707274534.0,158.0,0.0,135.0,790
1707274535.0,160.0,0.0,135.0,791
1707274536.0,158.0,0.0,135.0,792
1707274537.0,158.0,0.0,135.0,793
1707274538.0,158.0,0.0,135.0,794
1707274539.0,158.0,0.0,135.0,795
1707274540.0,158.0,0.0,135.0,796
1707274541.0,158.0,0.0,135.0,797
1707274542.0,156.0,0.0,135.0,798
1707274543.0,156.0,0.0,135.0,799
1707274544.0,154.0,0.0,135.0,800
1707274545.0,154.0,0.0,135.0,801
1707274546.0,154.0,0.0,135.0,802
1707274547.0,154.0,0.0,135.0,803
1707274548.0,154.0,0.0,135.0,804
1707274549.0,156.0,0.0,135.0,805
1707274550.0,156.0,0.0,135.0,806
1707274551.0,158.0,0.0,135.0,807
1707274552.0,158.0,0.0,135.0,808
1707274553.0,158.0,0.0,135.0,809
1707274554.0,158.0,0.0,135.0,810
1707274555.0,158.0,0.0,135.0,811
1707274556.0,158.0,0.0,135.0,812
1707274557.0,158.0,0.0,135.0,813
1707274558.0,158.0,0.0,134.0,814
1707274559.0,158.0,0.0,134.0,815
1707274560.0,158.0,0.0,134.0,816
1707274561.0,158.0,0.0,134.0,817
1707274562.0,158.0,0.0,134.0,818
1707274563.0,158.0,0.0,135.0,819
1707274564.0,158.0,0.0,135.0,820
1707274565.0,158.0,0.0,135.0,821
1707274566.0,158.0,0.0,135.0,822
1707274567.0,158.0,0.0,135.0,823
1707274568.0,158.0,0.0,135.0,824
1707274569.0,158.0,0.0,136.0,825
1707274570.0,158.0,0.0,136.0,826
1707274571.0,158.0,0.0,136.0,827
1707274572.0,158.0,0.0,136.0,828
1707274573.0,158.0,0.0,137.0,829
1707274574.0,158.0,0.0,137.0,830
1707274575.0,158.0,0.0,137.0,831
1707274576.0,158.0,0.0,137.0,832
1707274577.0,158.0,0.0,137.0,833
1707274578.0,158.0,0.0,137.0,834
1707274579.0,160.0,0.0,137.0,835
1707274580.0,160.0,0.0,137.0,836
1707274581.0,160.0,0.0,137.0,837
1707274582.0,158.0,0.0,136.0,838
1707274583.0,158.0,0.0,136.0,839
1707274584.0,158.0,0.0,136.0,840
1707274585.0,158.0,0.0,135.0,841
1707274586.0,156.0,0.0,135.0,842
1707274587.0,156.0,0.0,135.0,843
1707274588.0,156.0,0.0,135.0,844
1707274589.0,156.0,0.0,135.0,845
1707274590.0,156.0,0.0,135.0,846
1707274591.0,156.0,0.0,135.0,847
1707274592.0,156.0,0.0,135.0,848
1707274593.0,158.0,0.0,135.0,849
1707274594.0,158.0,0.0,135.0,850
1707274595.0,160.0,0.0,136.0,851
1707274596.0,158.0,0.0,136.0,852
1707274597.0,158.0,0.0,137.0,853
1707274598.0,158.0,0.0,138.0,854
1707274599.0,158.0,0.0,138.0,855
1707274600.0,158.0,0.0,139.0,856
1707274601.0,158.0,0.0,139.0,857
1707274602.0,158.0,0.0,139.0,858
1707274603.0,158.0,0.0,139.0,859
1707274604.0,158.0,0.0,140.0,860
1707274605.0,158.0,0.0,140.0,861
1707274606.0,158.0,0.0,140.0,862
1707274607.0,158.0,0.0,140.0,863
1707274608.0,158.0,0.0,140.0,864
1707274609.0,158.0,0.0,140.0,865
1707274610.0,158.0,0.0,140.0,866
1707274611.0,158.0,0.0,140.0,867
1707274612.0,158.0,0.0,140.0,868
1707274613.0,158.0,0.0,139.0,869
1707274614.0,158.0,0.0,139.0,870
1707274615.0,158.0,0.0,139.0,871
1707274616.0,158.0,0.0,138.0,872
1707274617.0,158.0,0.0,137.0,873
1707274618.0,158.0,0.0,137.0,874
1707274619.0,158.0,0.0,137.0,875
1707274620.0,158.0,0.0,137.0,876
1707274621.0,158.0,0.0,137.0,877
1707274622.0,158.0,0.0,138.0,878
1707274623.0,158.0,0.0,137.0,879
1707274624.0,158.0,0.0,137.0,880
1707274625.0,158.0,0.0,137.0,881
1707274626.0,158.0,0.0,137.0,882
1707274627.0,158.0,0.0,137.0,883
1707274628.0,158.0,0.0,137.0,884
1707274629.0,158.0,0.0,137.0,885
1707274630.0,158.0,0.0,137.0,886
1707274631.0,158.0,0.0,137.0,887
1707274632.0,158.0,0.0,137.0,888
1707274633.0,158.0,0.0,137.0,889
1707274634.0,158.0,0.0,137.0,890
1707274635.0,158.0,0.0,137.0,891
1707274636.0,158.0,0.0,137.0,892
1707274637.0,158.0,0.0,137.0,893
1707274638.0,156.0,0.0,137.0,894
1707274639.0,156.0,0.0,137.0,895
1707274640.0,156.0,0.0,137.0,896
1707274641.0,156.0,0.0,137.0,897
1707274642.0,156.0,0.0,137.0,898
1707274643.0,156.0,0.0,138.0,899
1707274644.0,156.0,0.0,138.0,900
1707274645.0,158.0,0.0,138.0,901
1707274646.0,158.0,0.0,138.0,902
1707274647.0,158.0,0.0,138.0,903
1707274648.0,158.0,0.0,138.0,904
1707274649.0,158.0,0.0,138.0,905
1707274650.0,158.0,0.0,138.0,906
1707274651.0,158.0,0.0,138.0,907
1707274652.0,158.0,0.0,138.0,908
1707274653.0,158.0,0.0,138.0,909
1707274654.0,158.0,0.0,138.0,910
1707274655.0,158.0,0.0,138.0,911
1707274656.0,78.0,0.0,138.0,912
1707274657.0,0.0,0.0,140.0,913
1707274658.0,0.0,0.0,140.0,914
1707274659.0,0.0,0.0,137.0,915
1707274660.0,0.0,0.0,138.0,916
1707274661.0,0.0,0.0,138.0,917
1707274662.0,0.0,0.0,141.0,918
1707274663.0,0.0,0.0,141.0,919
1707274664.0,0.0,0.0,141.0,920
1707274665.0,0.0,0.0,142.0,921
1707274666.0,0.0,0.0,144.0,922
1707274667.0,0.0,0.0,146.0,923
1707274668.0,0.0,0.0,148.0,924
