Unnamed: 0,time_sec,step,stride_pace,step_rate,stride_length,contact_time,flight_ratio,power,shock,impact_gs,braking_gs,footstrike_type,pronation_excursion_fs_mp,max_pronation_velocity,grf_vert_peak,contact_ratio,flight_time,stride_angle,kleg,kvert,grf_vert,grf_horiz,swing_force_rate,total_force_rate,vo2,time_max_fs,time_fs_mpv,time_mpv_mp,time_mp_to,time_to_min,time_swing,medial_lateral_gs,braking_gs_amp,impact_gs_amp,vertical_speed,elevation_gain,swing_excursion,yaw_excursion_fs_mp,yaw_excursion_mp_to,yaw_excursion_swing,stance_velocity_max_fs_mp,stance_velocity_max_mp_to,temperature,step_length,pronation_excursion_mp_to,stance_excursion_fs_mp,stance_excursion_mp_to,time_min,timestamp,foot
0,0.0300000000000011,8.0,,173.6614,,186.0,46.087,0.0,12.7231,6.5391,10.9141,14.0,-5.8594,494.6899,5.4301,53.835,159.0,,,,52.7419,,,,,139.0,9.0,14.0,163.0,143.0,300.0,1.0625,8.5625,5.0,-0.0039,59.5,93.2813,0.0781,-12.9219,-4.375,634.5215,953.8574,23.0,,-5.7344,1.4688,65.625,0.77215,906329.0,l
1,0.3799999999999954,12.0,0.5055,145.2785,0.5611,689.0,0.0,58.0,0.079,0.0117,0.0781,13.0,4.1875,103.3325,0.3977,166.8281,-276.0,53.0992,0.0,0.0,14.238,1.0386,0.2764,26.6851,11.5833,198.0,144.0,12.0,533.0,45.0,92.0,0.0742,0.125,0.0,-0.7422,,1.7813,2.4844,2.3906,-2.3281,173.4619,88.562,,0.2805,-4.9063,2.8125,0.375,2.224416666666667,170936.0,r
2,0.7209999999999965,9.0,,178.3061,,185.0,44.9405,0.0,13.2472,9.3594,9.375,15.0,-10.0,594.5435,5.2757,54.9777,151.0,,,,53.027,,,,,160.0,8.0,28.0,149.0,117.0,306.0,0.8164,4.0625,5.4375,-2.1133,60.25,73.2969,0.3125,-10.3594,-19.0156,747.9248,834.7778,23.0,,-1.5625,0.8438,55.9375,0.7836666666666666,907020.0,l
3,1.2060000000000173,13.0,0.548,175.4386,0.5611,563.0,0.0,65.0,0.0682,0.0156,0.0664,14.0,-2.9844,18.1274,0.4298,164.6199,-221.0,40.4946,0.0,0.0,17.4245,1.1225,0.453,35.5058,17.2128,94.0,22.0,21.0,520.0,10.0,101.0,0.0352,0.0,0.0,-0.7422,,10.5313,-0.3125,-8.0781,-8.6875,26.3672,162.7197,,0.2805,8.2188,2.4219,-10.4063,2.2381833333333336,171762.0,r
4,1.3939999999999984,10.0,,173.6614,,236.0,31.5942,0.0,15.1987,13.0859,7.7305,13.0,-13.75,1025.4517,3.8559,68.3068,109.0,,,,41.5678,,,,,140.0,14.0,16.0,206.0,106.0,286.0,2.5352,2.6875,6.875,-2.625,60.25,80.6875,-0.4531,-5.2031,-15.7031,1213.562,751.5259,23.0,,-1.875,4.0313,68.7969,0.7948833333333333,907693.0,l
5,1.8900000000000148,14.0,0.5186,83.3333,0.5611,1058.0,0.0,62.0,0.2033,0.0078,0.2031,15.0,-1.3281,46.2646,0.7221,146.9444,-338.0,63.4052,0.0,0.0,9.2722,1.0888,0.6229,32.314,15.1757,96.0,24.0,38.0,996.0,303.0,79.0,0.0898,0.1875,0.0,-0.0352,,1.8438,1.3281,-1.9375,-4.6406,60.1807,-1945.4956,,0.2805,8.5469,0.4531,-19.2656,2.2495833333333337,172446.0,r
6,2.0849999999999937,11.0,,173.4104,,224.0,35.2601,0.0,13.8898,11.9648,7.0547,14.0,-8.6875,708.7402,4.1786,64.7399,122.0,,,,43.7946,,,,,135.0,8.0,22.0,194.0,139.0,270.0,0.0859,1.5625,6.3125,-2.4844,59.5,87.8281,0.3906,-4.5469,-3.0781,894.7144,776.4282,23.0,,-2.5938,1.5,64.1719,0.8063999999999999,908384.0,l
7,2.776999999999994,12.0,,173.1602,,236.0,31.7919,0.0,13.4793,8.9688,10.0625,11.0,-11.8125,837.6465,3.8729,68.1097,110.0,,,,41.5678,,,,,123.0,18.0,27.0,191.0,123.0,286.0,0.4688,2.9375,5.125,-2.8594,60.25,81.9844,-1.5313,-2.2188,-13.0313,894.5923,742.4927,23.0,,-2.625,7.9688,65.2969,0.8179333333333332,909076.0,l
8,3.3300000000000125,15.0,0.548,190.779,0.5611,520.0,0.0,66.0,1.2146,0.7578,0.9492,14.0,0.625,1.9531,0.4192,165.3418,-206.0,36.5731,0.0,0.0,18.8654,1.1207,0.5097,38.6399,19.213,139.0,16.0,12.0,492.0,25.0,84.0,0.2695,0.375,0.0,-0.0352,,8.9688,-1.7344,2.4844,0.2188,390.2588,81.1768,,0.2805,3.2031,1.7344,8.8906,2.2735833333333337,173886.0,r
9,3.469999999999992,13.0,,171.184,,239.0,31.7143,0.0,14.3784,10.625,9.6875,12.0,-11.8594,902.832,3.8661,68.1883,111.0,,,,41.046,,,,,122.0,17.0,21.0,201.0,95.0,312.0,2.3516,3.25,5.6875,-2.668,60.25,84.3906,-0.4063,-11.4375,-18.2656,1005.7983,830.7495,23.0,,0.2813,5.1719,71.2344,0.8294833333333331,909769.0,l
10,3.959000000000003,16.0,0.6102,175.9531,0.5611,587.0,0.0,74.0,0.1928,0.0234,0.1914,16.0,2.1875,19.3481,0.3237,172.1408,-246.0,46.6154,0.0,0.0,16.7121,1.2547,0.5308,37.656,18.585,86.0,99.0,8.0,480.0,32.0,63.0,0.2695,0.125,0.0625,-0.0352,,0.1563,-3.7969,-5.1563,-12.2344,43.7622,65.7349,,0.2805,-5.7031,-0.2969,0.2188,2.284066666666667,174515.0,r
11,4.170999999999992,14.0,,173.913,,243.0,29.5652,0.0,13.7334,9.7266,9.6953,10.0,-9.9688,936.7676,3.679,70.4348,102.0,,,,40.3704,,,,,121.0,22.0,18.0,203.0,91.0,313.0,0.2852,2.625,4.625,-2.5977,60.25,85.2813,-1.0469,-5.2344,-14.75,1068.1152,829.0405,23.0,,-1.2031,9.6719,71.125,0.8411666666666665,910470.0,l
12,4.640999999999991,17.0,0.6331,136.5188,0.5611,786.0,0.0,78.0,0.1582,0.0859,0.1328,15.0,0.6875,19.8364,0.2366,178.8396,-347.0,64.5915,0.0,0.0,12.4809,1.3206,0.2917,26.5138,11.4739,145.0,4.0,54.0,728.0,30.0,63.0,0.2227,0.1875,0.0625,-0.0352,,54.9063,1.3125,4.2813,7.4531,60.3638,446.106,,0.2805,6.1406,0.8125,53.5469,2.295433333333333,175197.0,r
13,4.86099999999999,15.0,,171.6738,,240.0,31.2321,0.0,13.8656,11.0859,8.3281,11.0,-8.2969,847.4121,3.825,68.6695,109.0,,,,40.875,,,,,115.0,16.0,18.0,206.0,86.0,327.0,0.6367,3.0625,6.5,-2.8672,59.5,87.3438,-1.9844,-4.9688,-15.875,942.2607,814.4531,23.0,,-0.1875,6.8594,73.2344,0.8526666666666665,911160.0,l
14,5.52000000000001,18.0,0.6691,170.2128,0.5611,503.0,0.0,83.0,2.7094,2.0313,1.793,14.0,5.875,219.9097,0.8032,142.695,-151.0,21.7344,0.0,0.0,19.503,1.3734,0.459,38.7654,19.2931,161.0,10.0,12.0,481.0,30.0,74.0,0.6328,3.1875,3.1875,-0.0352,,90.0156,8.2969,4.2813,7.4531,-1772.9492,380.8594,,0.2805,18.7031,2.4844,85.8281,2.310083333333333,176076.0,r
15,5.559999999999988,16.0,0.7633,171.184,0.5282,240.0,31.4286,0.0,14.6106,9.625,10.9922,12.0,-12.1406,846.9238,3.8417,68.4736,110.0,12.6654,14.3831,15.0733,40.875,1.5525,0.2525,54.6601,29.4372,119.0,16.0,25.0,199.0,103.0,306.0,1.9805,3.4375,7.25,-2.9258,59.5,89.9531,-0.9063,-9.6406,-18.5938,958.8013,828.3081,23.0,0.2641,-1.0313,5.25,72.5625,0.8643166666666665,911859.0,l
16,6.225000000000023,19.0,0.6347,173.913,0.494,422.0,0.0,79.0,1.3287,1.3086,0.2305,13.0,1.5938,56.3354,1.2701,122.3188,-77.0,6.7147,0.0,0.0,23.2464,1.2966,0.3841,39.9571,20.0536,151.0,12.0,38.0,372.0,30.0,165.0,0.5664,0.4375,0.9375,0.2383,,20.7656,5.7344,6.4531,16.3125,171.875,177.6123,,0.247,-6.2031,2.5469,-20.75,2.3218333333333336,176781.0,r
17,6.914999999999992,20.0,0.5513,163.0435,0.4253,611.0,0.0,69.0,1.6849,1.6797,0.1328,16.0,3.2344,100.0366,0.4092,166.0326,-243.0,53.7126,0.0,0.0,16.0556,1.1317,0.405,32.731,15.4418,42.0,28.0,73.0,510.0,29.0,86.0,0.8672,0.1875,1.5,0.1172,,6.0,-3.5938,11.3906,10.2031,141.9067,521.9727,,0.2127,6.9844,-2.6563,2.0938,2.333333333333333,177471.0,r
18,6.955999999999989,18.0,0.7617,172.9107,0.5298,241.0,30.5476,0.0,14.8692,9.1523,11.7188,11.0,-11.2344,957.5806,3.7593,69.4524,106.0,11.7534,14.4613,15.1784,40.7054,1.5493,0.2588,54.6673,29.4419,119.0,16.0,22.0,203.0,115.0,293.0,0.6172,2.6875,6.1875,-3.2891,60.0,91.5469,-3.0156,-9.625,-21.7656,1044.3115,802.7954,23.0,0.2649,-1.2969,7.3281,74.7188,0.8875833333333332,913255.0,l
19,7.649999999999984,19.0,0.7696,174.6725,0.5345,238.0,30.6122,0.0,14.1296,9.8555,10.125,11.0,-11.5156,876.2817,3.7731,69.2868,105.0,11.4398,14.7794,15.5228,41.2185,1.5653,0.266,55.4603,29.948,127.0,18.0,26.0,194.0,125.0,278.0,0.8047,2.25,6.9375,-2.9609,60.0,90.6406,-2.4688,-9.125,-17.5781,939.8804,812.6221,23.0,0.2672,-2.2031,6.7188,71.8438,0.8991499999999998,913949.0,l
20,8.336999999999982,20.0,0.7664,172.6619,0.5329,240.0,30.8357,258.0,13.9801,10.9531,8.6875,11.0,-9.0469,854.0649,3.7917,69.0647,107.0,11.9014,14.495,15.212,40.875,1.5589,0.2593,54.8909,29.5845,115.0,20.0,22.0,198.0,127.0,286.0,0.4219,2.375,5.75,-2.7305,60.0,97.0156,-2.5469,-5.875,-14.7188,962.8906,777.5879,23.0,0.2665,-1.2969,7.7344,71.0781,0.9105999999999996,914636.0,l
21,9.031999999999982,21.0,0.7727,173.1602,0.536,238.0,31.2139,229.0,14.5647,11.1133,9.4141,12.0,-10.5625,949.8291,3.8235,68.6869,108.0,12.0496,14.6518,15.3781,41.2185,1.5717,0.2612,55.342,29.8725,119.0,14.0,17.0,207.0,113.0,298.0,0.6016,3.3125,6.6875,-3.1719,59.75,91.5313,-2.8906,-11.7656,-21.9375,1016.0522,918.0298,23.0,0.268,-0.9688,5.375,75.2656,0.922183333333333,915331.0,l
22,9.461000000000013,22.0,0.4858,145.6311,0.3566,700.0,0.0,60.0,1.5885,1.3359,0.8594,16.0,41.6875,0.0,0.3543,169.9029,-288.0,66.3334,0.0,0.0,14.0143,0.9976,0.2727,26.1863,11.265,200.0,207.0,61.0,1456.0,46.0,78.0,0.5391,0.0,0.0,-0.0039,,167.7656,-4.0938,11.3906,10.2031,206.543,552.8564,,0.1783,-52.9531,-57.9531,-170.2031,2.375766666666667,180017.0,r
23,9.72499999999998,22.0,0.7774,172.4138,0.5407,239.0,31.3218,276.0,14.8305,10.3945,10.5781,11.0,-10.0156,969.5435,3.8243,68.6782,109.0,12.1635,14.5193,15.2477,41.046,1.5814,0.26,55.1717,29.7638,119.0,18.0,20.0,201.0,113.0,297.0,1.3516,3.5625,7.0,-2.8945,60.5,95.4063,-2.625,-10.2656,-22.8125,1018.6157,912.7197,23.0,0.2704,0.1875,6.9688,74.5938,0.933733333333333,916024.0,l
24,10.284999999999997,23.0,0.5087,228.5714,0.3566,374.0,0.0,64.0,0.5961,0.2461,0.543,16.0,-3.4688,110.2905,0.8075,142.4762,-112.0,19.038,0.0,0.0,26.2299,1.0351,0.4776,44.6971,23.0788,243.0,39.0,44.0,291.0,45.0,106.0,0.4023,0.5,0.1875,-0.0039,,1.3125,7.3281,0.2813,7.2969,127.8687,186.4014,,0.1783,11.375,-3.7656,0.4219,2.3895,180841.0,r
25,10.420999999999978,23.0,0.7853,174.1655,0.5439,244.0,29.0698,324.0,14.973,13.0703,7.3047,11.0,-9.4531,983.8867,3.6475,70.8273,100.0,10.2246,14.3438,15.1405,40.2049,1.5977,0.2763,54.8843,29.5804,117.0,20.0,18.0,206.0,115.0,292.0,0.418,3.125,6.625,-2.9375,60.5,96.0469,-3.0781,-7.7813,-19.0469,1039.917,796.5698,23.0,0.2719,-1.8906,7.8438,74.5625,0.9453333333333328,916720.0,l
26,10.810000000000002,24.0,0.4073,191.0828,0.2879,551.0,0.0,51.0,0.5391,0.0078,0.5391,15.0,0.3281,24.1699,0.2795,175.4777,-237.0,62.4128,0.0,0.0,17.804,0.8301,0.4007,33.1465,15.707,140.0,2.0,10.0,539.0,2.0,75.0,0.332,0.3125,0.125,-0.168,,294.0625,0.75,11.5,11.9063,28.4424,332.9468,,0.144,30.6563,0.875,294.4219,2.39825,181366.0,r
27,11.109999999999973,24.0,0.7853,171.184,0.5454,244.0,30.2857,319.0,15.0323,10.5234,10.7344,11.0,-10.1563,958.374,3.7459,69.6148,106.0,11.4246,14.098,14.8457,40.2049,1.5977,0.2641,54.5199,29.3478,113.0,20.0,20.0,204.0,131.0,280.0,2.0,2.875,6.6875,-3.1016,60.0,102.75,-2.375,-10.9531,-15.4688,1033.5083,850.4028,23.0,0.2727,-2.0313,7.8125,76.125,0.9568166666666662,917409.0,l
28,11.438000000000017,25.0,0.3304,134.6801,0.2208,816.0,0.0,42.0,1.3614,1.2344,0.5742,16.0,-0.75,42.4805,0.1838,183.165,-371.0,80.7113,0.0,0.0,12.0221,0.6751,0.1439,19.0383,6.703,133.0,20.0,16.0,780.0,2.0,73.0,0.1992,0.625,1.25,0.3242,,295.1563,0.5781,-12.4219,-11.8438,78.0029,739.0747,,0.1104,-17.9688,-0.3125,-295.1875,2.408716666666667,181994.0,r
29,11.81099999999998,25.0,0.7915,171.184,0.5501,238.0,32.0,323.0,14.9729,10.3125,10.8555,13.0,-9.7813,967.1021,3.8908,67.903,112.0,12.6083,14.4644,15.1951,41.2185,1.6102,0.2597,55.4499,29.9413,115.0,16.0,19.0,203.0,105.0,310.0,0.9141,2.5,6.9375,-1.8828,59.75,94.2656,-0.2031,-10.4531,-13.6719,1063.2935,868.8965,23.0,0.2751,-0.3125,4.2969,73.1875,0.9684999999999996,918110.0,l
30,12.329000000000008,26.0,0.2323,99.8336,0.1521,890.0,0.0,30.0,1.891,1.7148,0.7969,13.0,0.2031,116.272,0.7011,148.0865,-289.0,79.4812,0.0,0.0,11.0225,0.473,0.101,15.9456,4.7292,78.0,4.0,12.0,874.0,223.0,89.0,0.2148,2.625,1.9375,-0.6758,,52.7656,0.9531,-22.5313,-11.8438,253.9673,1241.4551,,0.0761,-0.6563,2.7344,48.9375,2.423566666666667,182885.0,r
31,12.51199999999998,26.0,0.7978,177.2526,0.5517,240.0,28.9941,280.0,14.5505,10.0117,10.5586,12.0,-11.0156,905.2734,3.6417,70.901,98.0,9.6908,14.8166,15.6685,40.875,1.6232,0.2885,56.0238,30.3076,134.0,14.0,26.0,200.0,104.0,290.0,0.0117,3.25,5.875,-3.5742,59.75,90.2656,-2.0469,1.2188,-16.1719,1031.189,876.2817,23.0,0.2759,-1.125,6.1094,73.2031,0.980183333333333,918811.0,l
32,13.18899999999998,27.0,0.7962,169.4915,0.5533,242.0,31.6384,235.0,12.7096,8.6953,9.2695,11.0,-13.7813,804.4434,3.8512,68.3616,112.0,12.5392,14.068,14.7997,40.5372,1.6201,0.2577,54.7472,29.4929,109.0,16.0,30.0,196.0,100.0,317.0,1.8086,2.5,6.25,-3.0625,59.75,89.3125,-3.0469,-5.0938,-18.6094,909.1797,833.9233,23.0,0.2766,-0.125,6.4531,70.3906,0.9914666666666664,919488.0,l
33,13.530999999999976,27.0,0.2912,107.9137,0.2176,764.0,0.0,36.0,0.7257,0.0664,0.7227,14.0,0.0938,25.6958,0.911,137.4101,-208.0,62.8593,0.0,0.0,12.8403,0.5933,0.0498,16.7073,5.2153,168.0,42.0,8.0,714.0,217.0,131.0,0.043,0.5625,0.1875,77.75,,35.0156,-6.8125,1.7344,-5.4531,254.5776,877.5635,,0.1088,9.6719,1.8594,21.2031,2.4436,184087.0,r
34,13.896999999999975,28.0,0.7994,172.6619,0.5564,250.0,27.9539,238.0,15.1771,9.7852,11.6016,10.0,-11.0625,934.8755,3.56,71.9424,97.0,9.4188,13.8625,14.6958,39.24,1.627,0.2818,54.2033,29.1458,113.0,22.0,20.0,208.0,113.0,292.0,1.7188,3.5625,6.5625,-2.918,60.0,95.1094,-4.2188,-8.0469,-24.4375,961.5479,901.062,23.0,0.2782,-0.7031,9.2656,76.3281,1.0032666666666663,920196.0,l
35,14.591999999999976,29.0,0.8009,173.6614,0.5564,248.0,28.1159,247.0,14.884,9.9141,11.1016,11.0,-11.1875,960.2661,3.5726,71.78,97.0,9.4188,14.0499,14.8924,39.5565,1.6301,0.2843,54.6072,29.4035,121.0,20.0,19.0,209.0,125.0,274.0,2.0391,2.8125,6.25,-2.9023,60.0,96.125,-2.5781,-7.2188,-18.6875,1046.6309,863.5254,23.0,0.2782,-2.0625,7.2344,75.2188,1.0148499999999996,920891.0,l
36,14.643,28.0,0.3452,94.7119,0.2879,953.0,0.0,42.0,0.1252,0.125,0.0078,16.0,2.6406,29.48,0.659,150.4341,-320.0,74.0073,0.0,0.0,10.2938,0.7081,0.2202,19.7327,7.1462,13.0,109.0,6.0,838.0,239.0,75.0,0.0859,0.125,0.0625,77.75,,7.1563,-0.7813,1.7344,-5.4531,164.0625,1247.2534,,0.144,5.0938,-4.5156,-10.625,2.462133333333333,185199.0,r
37,15.282999999999973,30.0,0.8025,174.1655,0.5564,252.0,26.7442,204.0,15.6074,10.7813,11.2852,11.0,-10.9844,1044.4946,3.4683,73.1495,92.0,8.4874,13.8898,14.7721,38.9286,1.6336,0.2917,54.2132,29.1521,119.0,19.0,20.0,213.0,101.0,296.0,1.8008,3.5625,6.6875,-3.1953,59.75,93.3125,-3.0156,-5.3281,-19.375,1112.6709,856.1401,23.0,0.2782,0.1875,8.2969,76.375,1.0263666666666662,921582.0,l
38,15.909999999999997,29.0,0.4302,147.4201,0.3566,631.0,0.0,52.0,0.2109,0.0,0.2109,16.0,-0.4219,114.2578,0.58,155.0369,-224.0,54.0769,0.0,0.0,15.5468,0.8791,0.2287,25.9252,11.0983,210.0,139.0,14.0,478.0,115.0,68.0,0.2422,0.8125,0.125,77.75,,0.9375,-2.875,5.4531,3.5469,505.6152,141.9678,,0.1783,7.2344,-3.0156,2.0625,2.48325,186466.0,r
39,15.971999999999973,31.0,0.8025,175.4386,0.5564,242.0,29.2398,182.0,15.3569,10.3984,11.3008,12.0,-9.3906,899.5972,3.6529,70.7602,100.0,9.9989,14.5337,15.3748,40.5372,1.633,0.2842,55.5958,30.0345,123.0,18.0,18.0,206.0,106.0,297.0,0.2227,3.5,6.9375,-2.8047,60.0,88.7344,-3.5469,-1.7969,-22.8906,944.0308,807.312,23.0,0.2782,-1.125,6.2969,71.3281,1.0378499999999995,922271.0,l
40,16.655999999999977,32.0,0.8009,173.6614,0.5533,248.0,28.1159,206.0,15.6128,11.1758,10.9023,11.0,-10.2344,853.0884,3.5726,71.78,97.0,9.4712,14.0499,14.8924,39.5565,1.6301,0.2843,54.6072,29.4035,121.0,20.0,20.0,208.0,107.0,292.0,1.4375,3.75,7.75,-2.8086,60.0,89.7031,-3.7969,-5.1406,-18.7813,869.4458,759.6436,23.0,0.2766,-4.3594,7.3281,70.3281,1.0492499999999996,922955.0,l
41,16.72399999999999,30.0,0.4106,111.1111,0.3566,638.0,0.0,49.0,0.4707,0.1406,0.4492,16.0,-6.3125,70.4346,1.3856,118.1481,-98.0,14.799,0.0,0.0,15.3762,0.8385,0.0327,19.7118,7.1328,200.0,139.0,36.0,463.0,60.0,382.0,0.418,0.125,0.1875,77.75,,17.9844,4.9688,5.4531,3.5469,168.8232,561.0352,,0.1783,-41.4688,-10.7188,18.0781,2.4968166666666667,187280.0,r
42,17.346999999999973,33.0,0.7931,172.1664,0.547,240.0,31.0345,209.0,13.239,9.3398,9.3828,11.0,-11.5313,948.7305,3.8083,68.8666,108.0,11.8147,14.4075,15.1651,40.875,1.6136,0.2664,55.3208,29.8589,119.0,18.0,24.0,198.0,97.0,312.0,1.7656,3.3125,4.625,-2.9063,60.0,92.7656,-3.2344,-8.5625,-18.4531,1066.8335,894.043,23.0,0.2735,-1.3281,8.125,73.0156,1.0607666666666662,923646.0,l
43,17.803999999999974,31.0,0.3681,156.25,0.3566,372.0,3.125,42.0,0.3047,0.1797,0.2461,16.0,0.0,110.8398,2.129,96.875,12.0,0.227,13.531,14.1443,26.371,0.7473,0.143,33.6492,16.0279,0.0,36.0,20.0,316.0,125.0,271.0,0.0195,0.5,0.4375,68.0156,,8.8594,1.6563,1.3281,5.4219,115.2344,391.2354,,0.1783,5.1094,-1.7031,-0.7813,2.5148166666666665,188360.0,r
44,18.04399999999996,34.0,0.7868,175.1825,0.5454,246.0,28.0702,203.0,14.4629,11.1602,9.1992,10.0,-8.8906,875.9155,3.5691,71.8248,96.0,9.4113,14.3173,15.1471,39.878,1.601,0.2833,54.7805,29.5141,131.0,21.0,16.0,209.0,105.0,286.0,2.0391,3.1875,7.0625,-3.0078,59.75,95.0469,-3.6406,-5.4063,-21.0938,931.9458,832.8857,23.0,0.2727,-0.1094,9.0156,76.1406,1.0723833333333328,924343.0,l
45,18.57199999999997,32.0,0.4564,158.3113,0.4237,531.0,0.0,53.0,0.5586,0.0,0.5586,16.0,-1.8594,10.1318,0.855,140.1055,-152.0,28.1446,0.0,0.0,18.4746,0.931,0.2649,30.1457,13.7919,10.0,65.0,12.0,454.0,125.0,102.0,0.7109,0.5625,0.4375,68.0156,,28.9844,-4.0156,1.3281,5.4219,76.1108,420.2271,,0.2118,10.6094,-6.8594,-21.2813,2.5276166666666664,189128.0,r
46,18.728999999999964,35.0,0.7837,175.6955,0.5407,241.0,29.3255,205.0,14.9972,11.2734,9.8906,11.0,-10.4063,933.4106,3.668,70.571,100.0,10.2826,14.6518,15.4544,40.7054,1.5943,0.2784,55.4354,29.9321,122.0,18.0,20.0,203.0,117.0,288.0,0.3516,3.5,7.4375,-2.9609,59.75,93.4375,-3.3125,-6.25,-20.6094,1037.2314,831.7261,23.0,0.2704,-2.3125,8.2031,73.6719,1.0837999999999994,925028.0,l
47,19.329999999999984,33.0,0.4564,289.8551,0.422,171.0,17.3913,53.0,0.6806,0.6797,0.0352,6.0,3.2813,158.9355,2.8421,82.6087,36.0,1.7255,38.0734,39.2374,57.3684,0.9254,0.2791,69.4422,38.8714,98.0,65.0,94.0,12.0,125.0,118.0,0.8906,0.625,0.6875,-0.0234,,3.6719,-4.0156,0.7813,5.4219,235.4126,138.1836,,0.211,0.7656,19.0156,2.0469,2.54025,189886.0,r
48,19.41199999999997,36.0,0.7821,173.913,0.5376,250.0,27.5362,202.0,15.323,9.7695,11.8047,9.0,-11.6875,1029.0527,3.52,72.4638,95.0,9.3517,14.0065,14.8289,39.24,1.5916,0.2799,54.003,29.0179,113.0,22.0,20.0,208.0,121.0,284.0,0.8477,3.6875,6.25,-3.0117,59.75,93.8594,-4.3281,-4.6719,-17.7188,1121.7041,842.3462,23.0,0.2688,-3.3906,11.0625,74.25,1.0951833333333327,925711.0,l
49,19.74399999999997,34.0,0.4548,105.7269,0.422,477.0,15.873,52.0,0.6927,0.2539,0.6445,16.0,-0.3438,48.645,2.7589,84.0529,90.0,10.6625,5.0724,5.2378,20.566,0.9264,0.063,26.1609,11.2487,145.0,47.0,34.0,396.0,125.0,533.0,0.7461,0.6875,0.375,0.0977,,43.6875,0.9219,0.7813,5.4219,124.8779,409.2407,,0.211,11.0,-0.4531,-33.9375,2.54715,190300.0,r
50,20.10199999999997,37.0,0.779,175.1825,0.536,250.0,26.9006,229.0,13.9683,9.8281,9.9258,10.0,-9.7031,783.8135,3.48,72.9927,92.0,8.805,14.1274,14.9675,39.24,1.5852,0.285,54.1313,29.0998,123.0,22.0,20.0,208.0,107.0,288.0,0.9219,2.8125,5.1875,-2.7617,60.25,97.2344,-3.6563,-3.7969,-16.8438,881.4087,856.1401,23.0,0.268,-0.7031,9.8438,77.7031,1.1066833333333328,926401.0,l
51,20.78699999999997,38.0,0.779,174.6725,0.5345,250.0,27.1137,245.0,15.3874,10.6914,11.0664,10.0,-9.9063,935.5469,3.496,72.7802,93.0,9.0203,14.081,14.9114,39.24,1.5852,0.2829,54.0685,29.0597,127.0,22.0,18.0,210.0,103.0,288.0,2.1836,3.4375,6.5625,-3.1484,59.25,93.8281,-4.2813,-4.0156,-20.0781,1022.0337,840.21,23.0,0.2672,-1.1094,10.5156,74.6719,1.1180999999999994,927086.0,l
52,20.87899999999999,35.0,,155.4404,,512.0,0.0,0.0,1.0813,1.0352,0.3125,15.0,0.7813,40.3442,1.0156,132.6425,-126.0,,,,19.1602,,,,,252.0,2.0,14.0,496.0,125.0,135.0,1.1328,0.25,1.0625,-0.0039,,329.875,0.375,17.1563,27.625,52.1851,61.2183,,,6.25,0.4688,-340.5469,2.5660666666666665,191435.0,r
53,21.47399999999997,39.0,0.7759,173.6614,0.5345,246.0,28.6957,236.0,14.6787,10.1523,10.6016,10.0,-12.0156,962.2803,3.6179,71.2012,99.0,10.198,14.2068,14.9882,39.878,1.5785,0.2732,54.3873,29.2632,121.0,19.0,22.0,205.0,89.0,312.0,1.6406,3.5625,6.125,-2.7227,59.25,92.875,-2.5313,-5.2656,-14.4688,1036.5601,884.9487,23.0,0.2672,-0.0313,9.3281,74.6563,1.1295499999999994,927773.0,l
54,21.650999999999986,36.0,,113.9601,,752.0,0.0,0.0,0.4033,0.2852,0.2852,16.0,-1.5938,27.0386,0.8005,142.83,-226.0,,,,13.0452,,,,,227.0,52.0,24.0,676.0,225.0,76.0,0.9922,0.375,0.9375,0.1992,,333.375,-6.8125,17.1563,27.625,130.4932,135.8643,,,4.1563,-4.6875,331.6875,2.578933333333333,192207.0,r
55,22.16499999999996,40.0,0.7806,174.1655,0.5376,248.0,27.907,221.0,13.988,9.4336,10.3281,10.0,-11.3906,780.3955,3.5565,71.9884,96.0,9.546,14.1342,14.9456,39.5565,1.5883,0.2791,54.2839,29.1972,125.0,19.0,26.0,203.0,95.0,300.0,2.1523,3.25,5.8125,-2.9375,59.25,97.4688,-3.1406,-5.0625,-17.7188,923.0957,935.1807,23.0,0.2688,-0.7188,10.1563,75.0,1.141066666666666,928464.0,l
56,22.70399999999998,37.0,,114.5038,,901.0,0.0,0.0,0.9242,0.9141,0.1367,16.0,-3.4688,231.5674,0.3263,171.9466,-377.0,,,,10.8879,,,,,232.0,111.0,192.0,1878.0,27.0,120.0,0.668,0.25,0.9375,0.0,,0.4375,21.5156,17.1563,27.625,130.4932,363.5864,,,5.6875,-336.5156,4.8125,2.596483333333333,193260.0,r
57,22.853999999999964,41.0,0.7821,173.4104,0.5376,250.0,27.7457,253.0,14.1225,9.6445,10.3164,9.0,-10.5938,893.1885,3.536,72.2543,96.0,9.546,13.9619,14.775,39.24,1.5916,0.2778,53.9407,28.9781,113.0,24.0,18.0,208.0,123.0,282.0,1.1211,3.0,5.1875,-2.7656,59.75,94.8281,-4.0625,-6.1563,-17.9219,1036.1328,837.7686,23.0,0.2688,-2.7344,11.6719,72.0938,1.1525499999999993,929153.0,l
58,23.54599999999996,42.0,0.7821,174.1655,0.5376,248.0,27.907,295.0,15.1822,10.4766,10.9883,11.0,-9.7344,887.3291,3.5565,71.9884,96.0,9.546,14.1311,14.9456,39.5565,1.5915,0.2797,54.3137,29.2162,119.0,22.0,18.0,208.0,127.0,274.0,1.4375,3.25,6.75,-2.9375,59.75,96.1719,-3.6719,-9.6094,-18.9375,927.8564,828.4912,23.0,0.2688,-2.1875,7.8594,73.3438,1.1640833333333327,929845.0,l
59,23.75199999999996,38.0,,120.8459,,666.0,0.0,0.0,0.7758,0.4375,0.6406,9.0,-7.0625,209.7168,0.982,134.139,-170.0,,,,14.7297,,,,,31.0,69.0,32.0,565.0,28.0,299.0,0.5313,0.625,0.5,0.0,,25.5156,15.2344,17.1563,27.625,217.3462,458.9233,,,25.2969,12.2344,-22.6563,2.61395,194308.0,r
60,24.234999999999964,43.0,0.7821,172.6619,0.5392,252.0,27.3775,284.0,15.6141,11.7617,10.2695,10.0,-12.625,831.543,3.5159,72.518,95.0,9.325,13.7964,14.6083,38.9286,1.5917,0.278,53.6341,28.7824,111.0,20.0,20.0,212.0,127.0,278.0,1.9805,3.0625,7.25,-3.0664,59.25,93.4063,-4.3281,-5.0469,-18.0156,919.0063,761.6577,23.0,0.2696,-2.0469,10.7188,72.8438,1.175566666666666,930534.0,l
61,24.744999999999976,39.0,,126.3158,,831.0,0.0,0.0,1.1625,1.0195,0.5586,14.0,2.8906,39.4897,0.2864,174.9474,-356.0,,,,11.8051,,,,,74.0,39.0,14.0,778.0,28.0,91.0,0.5781,0.4375,0.9375,0.0,,53.125,1.0313,17.1563,27.625,71.106,137.8174,,,-2.4219,1.0938,-51.5156,2.6305,195301.0,r
62,24.92999999999996,44.0,0.7853,177.7778,0.5407,248.0,26.4095,360.0,15.2058,10.6914,10.8125,11.0,-10.1094,977.356,3.4435,73.4815,89.0,8.1774,14.4532,15.3435,39.5565,1.5979,0.2956,54.8169,29.5374,131.0,19.0,18.0,211.0,115.0,274.0,0.2891,3.375,6.625,-2.9609,60.25,90.2813,-3.6406,0.4063,-15.9844,1040.2222,769.2261,23.0,0.2704,-3.6875,8.4219,71.3281,1.1871499999999993,931229.0,l
63,25.604999999999954,45.0,0.7821,175.6955,0.5376,250.0,26.6862,394.0,14.9467,10.9805,10.1406,10.0,-10.4531,758.667,3.464,73.2064,91.0,8.5928,14.1681,15.0246,39.24,1.5916,0.2883,54.255,29.1787,125.0,21.0,24.0,205.0,140.0,253.0,0.5586,3.0,6.1875,-2.4961,60.25,90.8125,-3.7188,1.875,-18.1094,855.835,808.7769,23.0,0.2688,-1.2969,10.2656,72.2656,1.1983999999999992,931904.0,l
64,25.694999999999965,40.0,,195.122,,462.0,0.0,0.0,1.4331,1.4258,0.1445,1.0,9.2656,17.395,0.6623,150.2439,-155.0,,,,21.2338,,,,,153.0,130.0,253.0,1359.0,34.0,119.0,0.3867,0.4375,1.375,0.0,,1.2813,1.0313,-8.4531,27.625,71.106,256.8359,,,0.8594,44.9531,-10.0469,2.6463333333333328,196251.0,r
65,26.287999999999947,46.0,0.779,175.4386,0.536,252.0,26.3158,384.0,13.8797,9.8125,9.8164,10.0,-11.2344,889.5264,3.4286,73.6842,90.0,8.4319,14.0559,14.915,38.9286,1.5853,0.2873,53.8891,28.9452,123.0,22.0,20.0,210.0,118.0,275.0,1.9922,2.875,5.25,-2.3633,60.25,94.4063,-3.7344,-6.7344,-16.1719,975.3418,793.9453,23.0,0.268,-3.1094,9.5938,74.0938,1.2097833333333323,932587.0,l
66,26.30999999999997,41.0,,133.1853,,509.0,0.0,0.0,0.4472,0.1484,0.4219,1.0,-4.9063,72.0825,1.5403,112.9856,-59.0,,,,19.2731,,,,,129.0,147.0,127.0,2027.0,215.0,171.0,1.0625,0.5625,0.75,0.0,,273.2344,1.0313,3.2031,27.625,71.106,390.0146,,,-18.8438,324.3281,-292.1406,2.656583333333333,196866.0,r
67,26.97199999999996,47.0,0.7743,175.6955,0.5313,244.0,28.4457,373.0,13.3413,9.4883,9.3789,11.0,-11.2344,740.7227,3.5984,71.4495,97.0,9.8549,14.4968,15.2987,40.2049,1.5752,0.2785,54.861,29.5655,127.0,14.0,18.0,212.0,94.0,303.0,0.0586,4.4375,6.375,-3.3438,60.25,91.7813,-4.1563,1.8906,-16.5938,896.1182,783.4473,23.0,0.2657,0.1719,8.2188,75.6563,1.2211833333333326,933271.0,l
68,27.21099999999996,42.0,,82.6446,,1166.0,0.0,0.0,0.7556,0.6914,0.3047,12.0,-9.8594,383.4839,0.4906,160.6061,-440.0,,,,8.4134,,,,,84.0,48.0,50.0,1068.0,215.0,71.0,0.1445,0.4375,0.375,0.0,,59.8125,-4.4844,-14.7813,-17.8281,471.3135,164.6729,,,-2.0938,5.0,30.0938,2.6716,197767.0,r
69,27.65499999999995,48.0,0.7664,172.6619,0.5266,246.0,29.1066,369.0,13.21,9.9922,8.6406,10.0,-9.7969,852.0508,3.6504,70.7914,101.0,10.7591,14.1394,14.8865,39.878,1.5592,0.2658,54.0904,29.0737,119.0,20.0,26.0,200.0,125.0,278.0,1.7617,3.125,5.875,-2.6445,60.25,93.1094,-4.2344,-8.3594,-20.8906,919.9219,799.2554,23.0,0.2633,-2.4375,9.125,72.0625,1.232566666666666,933954.0,l
70,28.34999999999996,49.0,0.768,176.7305,0.5266,248.0,26.8437,348.0,14.6875,11.8398,8.6914,12.0,-10.7188,870.1172,3.4758,73.0486,91.0,8.7691,14.3914,15.225,39.5565,1.5626,0.2849,54.3546,29.2423,131.0,14.0,20.0,214.0,103.0,286.0,1.2539,3.0625,6.625,-2.8945,60.25,94.7188,-1.7344,-6.2031,-13.6094,980.1636,809.9976,23.0,0.2633,-2.2969,5.6094,75.8594,1.2441499999999992,934649.0,l
71,28.66299999999996,43.0,0.6707,373.8318,0.4924,207.0,0.0,89.0,1.0727,0.9648,0.4688,16.0,4.375,113.8306,1.1014,128.972,-47.0,2.52,0.0,0.0,47.3913,1.3619,0.6914,73.5803,41.5124,221.0,124.0,19.0,64.0,20.0,64.0,0.0938,0.5,0.3125,0.0,,4.2031,-0.5625,1.7969,3.4063,311.0962,193.7866,,0.2462,3.2969,-7.375,-3.7813,2.6958,199219.0,r
72,28.983999999999952,44.0,0.7345,110.0917,0.5611,708.0,0.0,96.0,0.4322,0.0469,0.4297,16.0,0.4375,24.4141,1.0791,129.9083,-163.0,24.916,0.0,0.0,13.8559,1.5364,0.0822,22.4675,8.8915,235.0,2.0,6.0,700.0,100.0,237.0,0.3516,0.0625,0.0625,0.0,,58.4688,-0.3594,1.7969,3.4063,108.8257,315.4297,,0.2805,27.4531,-1.0469,50.5,2.70115,199540.0,r
73,29.028999999999947,50.0,0.7664,177.7778,0.5235,244.0,27.5964,305.0,13.5718,10.0781,9.0898,10.0,-11.2656,737.0605,3.5328,72.2963,93.0,9.2062,14.6987,15.5219,40.2049,1.5591,0.2838,54.9567,29.6266,133.0,19.0,24.0,201.0,105.0,286.0,0.082,3.625,7.125,-2.7227,60.0,93.8438,-3.0313,-2.2188,-16.0938,889.8315,894.8975,23.0,0.2618,-1.1094,9.8594,72.6563,1.2554666666666658,935328.0,l
74,29.703999999999944,51.0,0.7711,176.7305,0.5251,242.0,28.6136,306.0,14.6195,11.6914,8.7773,13.0,-9.9219,692.1997,3.6116,71.2813,97.0,9.9702,14.707,15.5086,40.5372,1.5687,0.2792,55.1864,29.7731,137.0,12.0,25.0,205.0,111.0,278.0,1.207,3.375,8.5625,-2.8008,60.0,94.1563,-1.4688,-4.1875,-8.25,765.3809,777.5879,23.0,0.2625,-1.9375,4.125,72.0625,1.2667166666666658,936003.0,l
75,30.073999999999955,45.0,0.7378,120.4819,0.5611,621.0,0.0,96.0,1.0047,0.7539,0.6641,9.0,0.0,0.0,1.2077,124.6988,-123.0,14.816,0.0,0.0,15.7971,1.5319,0.0692,23.9997,9.8694,117.0,241.0,204.0,1456.0,99.0,187.0,0.7773,0.0,0.0,123.0625,,45.6719,5.9531,1.7969,3.4063,108.8257,127.5024,,0.2805,0.7969,10.9531,46.8125,2.719316666666666,200630.0,r
76,30.382999999999942,52.0,0.768,179.3722,0.5219,238.0,28.7425,222.0,14.1856,11.0508,8.8945,10.0,-11.6719,811.8896,3.6218,71.151,96.0,9.8272,15.1828,15.9994,41.2185,1.562,0.2835,55.971,30.2739,135.0,15.0,24.0,199.0,127.0,268.0,1.5469,3.5,6.8125,-3.1133,59.75,95.1563,-2.0,-2.7813,-10.1406,936.8286,884.6436,23.0,0.261,-1.5,8.5625,71.625,1.2780333333333325,936682.0,l
77,31.051999999999943,53.0,0.7743,175.9531,0.5266,253.0,25.8065,159.0,14.7468,11.3086,9.4648,10.0,-9.7969,658.8745,3.3913,74.1935,88.0,8.2084,14.0692,14.9361,38.7747,1.5757,0.2888,53.7422,28.8514,127.0,20.0,24.0,209.0,101.0,287.0,1.8438,2.75,6.6875,-2.9453,59.75,94.0938,-3.3125,-2.1719,-19.5469,769.3481,851.8677,23.0,0.2633,0.3125,9.8281,73.6094,1.2891833333333325,937351.0,l
78,31.069999999999936,46.0,0.7885,207.9723,0.5611,299.0,0.0,104.0,1.147,0.8398,0.7813,16.0,-0.3594,51.3306,1.8595,103.6395,-11.0,0.1212,26.3429,36.9713,32.8094,1.6077,0.5008,54.2642,29.1846,197.0,70.0,68.0,161.0,99.0,173.0,0.8203,0.6875,0.9375,123.0625,,9.1406,-1.8906,3.875,5.0625,57.4951,65.3076,,0.2805,-0.3125,-0.9688,6.2031,2.735916666666666,201626.0,r
79,31.64699999999993,47.0,0.8032,151.5152,0.5611,611.0,0.0,107.0,1.2414,1.0703,0.6289,16.0,-0.0625,47.7905,0.5925,154.2929,-215.0,38.9445,0.0,0.0,16.0556,1.6741,0.4652,36.7081,17.98,234.0,18.0,40.0,553.0,100.0,79.0,0.7734,0.625,0.9375,123.0625,,5.4531,-2.5781,5.4844,0.7969,48.5229,58.4717,,0.2805,-1.4063,-2.6563,7.5781,2.7455333333333325,202203.0,r
80,31.73399999999996,54.0,0.7727,179.3722,0.5235,254.0,23.9521,157.0,14.9597,11.1016,10.0273,10.0,-10.0938,774.5972,3.2677,75.9342,80.0,6.8389,14.3724,15.3186,38.622,1.5725,0.3045,54.0464,29.0456,133.0,22.0,20.0,212.0,106.0,275.0,2.332,3.375,7.125,-2.75,59.75,94.6719,-4.9531,-6.6094,-19.2969,837.8296,794.1895,23.0,0.2618,-1.2344,10.5313,75.7969,1.3005499999999992,938033.0,l
81,32.40299999999996,55.0,0.7711,175.1825,0.5235,252.0,26.3158,147.0,14.9699,11.0156,10.1367,10.0,-10.0469,843.0786,3.4365,73.5766,90.0,8.6309,14.0482,14.8859,38.9286,1.5692,0.2844,53.7376,28.8485,119.0,18.0,24.0,210.0,111.0,286.0,1.4258,3.75,7.3125,-2.8789,59.5,95.6406,-4.0625,-5.1094,-21.3438,918.396,889.9536,23.0,0.2618,-1.4844,9.3281,76.1094,1.3116999999999992,938702.0,l
82,32.438999999999936,48.0,0.7476,99.5851,0.5611,955.0,0.0,98.0,1.1362,0.7695,0.8359,16.0,-5.8438,37.9639,0.5236,158.5062,-353.0,65.3446,0.0,0.0,10.2723,1.6125,0.3632,27.6174,12.1782,93.0,81.0,187.0,687.0,99.0,133.0,0.7578,0.6875,0.9375,123.0625,,21.25,-17.5469,-6.7969,-15.75,136.1694,159.3628,,0.2805,6.2813,-21.9688,11.5781,2.7587333333333324,202995.0,r
83,33.087999999999944,56.0,0.7743,175.6955,0.5251,250.0,26.6862,163.0,14.1236,10.7734,9.1328,11.0,-9.3594,815.7349,3.464,73.2064,91.0,8.7948,14.1843,15.0246,39.24,1.5755,0.2854,54.1037,29.0821,125.0,20.0,20.0,210.0,99.0,294.0,1.2813,3.375,6.125,-2.5742,59.75,95.125,-2.9375,-5.0625,-21.0938,857.7271,874.939,23.0,0.2625,-2.25,7.2969,76.2813,1.3231166666666658,939387.0,l
84,33.64399999999995,49.0,0.8065,233.463,0.5611,319.0,0.0,108.0,0.9175,0.7188,0.5703,16.0,-2.3594,139.6484,1.2226,124.1245,-62.0,3.8449,0.0,0.0,30.7524,1.6464,0.6679,57.374,31.1693,18.0,66.0,88.0,165.0,99.0,76.0,0.7461,0.5,0.875,-2.5,,5.0938,-17.9063,7.125,-5.5469,144.165,137.6953,,0.2805,-5.1875,-15.1719,-4.3125,2.778816666666666,204200.0,r
85,33.77099999999995,57.0,0.7743,179.3722,0.5235,252.0,24.5509,157.0,13.5877,8.6289,10.4961,9.0,-10.3594,816.1011,3.3095,75.3363,82.0,7.1815,14.4506,15.3828,38.9286,1.5756,0.3027,54.3116,29.2148,139.0,22.0,19.0,211.0,107.0,270.0,2.0938,2.4375,3.9375,-3.0156,59.75,96.1719,-4.6875,-11.0625,-19.5625,963.9893,823.9746,23.0,0.2618,-3.9063,12.1094,78.3125,1.3344999999999991,940070.0,l
86,34.15799999999996,50.0,0.9259,285.7143,0.5611,223.0,0.0,126.0,0.5709,0.0977,0.5625,16.0,-15.4375,278.9307,1.7668,106.1905,-13.0,0.1693,51.151,93.0218,43.991,1.8851,0.7253,73.2899,41.3271,175.0,148.0,51.0,24.0,2.0,112.0,0.707,0.5625,0.5625,-2.5,,0.2031,-16.875,-0.3594,-17.75,342.2241,41.0156,,0.2805,0.1563,-17.4688,-0.2813,2.7873833333333327,204714.0,r
87,34.43999999999995,58.0,0.7727,177.7778,0.5219,248.0,26.4095,168.0,14.5402,11.1602,9.3203,11.0,-9.5938,847.3511,3.4435,73.4815,89.0,8.4679,14.4799,15.3435,39.5565,1.5722,0.2909,54.5718,29.3809,135.0,18.0,17.0,213.0,101.0,284.0,0.8125,3.375,7.5625,-2.9336,59.75,95.7344,-3.0938,1.4688,-16.2188,913.208,786.7432,23.0,0.261,-2.25,7.0313,76.0156,1.3456499999999991,940739.0,l
88,34.577999999999946,51.0,0.7067,168.5393,0.4908,607.0,0.0,91.0,0.7176,0.3594,0.6211,16.0,-5.8906,79.6509,0.346,170.5056,-251.0,51.5487,0.0,0.0,16.1614,1.4628,0.5696,39.1021,19.508,63.0,148.0,45.0,414.0,2.0,96.0,0.5469,0.375,0.25,-0.0273,,4.9844,-1.5469,11.7344,9.7656,115.9058,136.7798,,0.2454,9.6406,-8.0313,-5.3438,2.7943833333333328,205134.0,r
89,35.114999999999945,59.0,0.768,174.1655,0.5204,248.0,27.907,183.0,14.826,10.3281,10.6367,10.0,-10.5313,766.4795,3.5565,71.9884,96.0,9.8562,14.1588,14.9456,39.5565,1.5626,0.2746,54.0459,29.0453,121.0,17.0,26.0,205.0,117.0,282.0,1.3594,3.4375,7.5,-2.8047,59.75,95.1719,-4.2969,-3.6719,-21.125,792.4194,785.2783,23.0,0.2602,-1.9844,8.7969,73.2188,1.356899999999999,941414.0,l
90,35.289999999999964,52.0,0.6429,121.9512,0.4204,661.0,0.0,84.0,0.3794,0.1836,0.332,9.0,-1.3125,0.0,0.9773,134.3496,-169.0,33.6814,0.0,0.0,14.8411,1.3302,0.0816,22.6113,8.9833,89.0,185.0,107.0,1393.0,2.0,272.0,0.5625,0.0,0.0,0.0859,,0.5156,-14.9219,9.5625,-2.7188,115.9058,125.0,,0.2102,-8.2344,11.25,-0.6719,2.8062499999999995,205846.0,r
91,35.80399999999994,60.0,0.768,177.2526,0.5204,262.0,22.4852,192.0,14.1539,10.7734,9.1797,10.0,-12.0313,701.5991,3.1679,77.4003,76.0,6.2144,13.8711,14.8297,37.4427,1.5633,0.3033,52.7947,28.2467,126.0,22.0,26.0,214.0,104.0,276.0,2.2617,3.4375,7.4375,-2.6172,59.75,94.2813,-5.5313,-2.3125,-22.375,784.4849,857.4829,23.0,0.2602,-0.7656,10.6094,75.1406,1.3683833333333324,942103.0,l
92,36.480999999999945,61.0,0.7617,176.9912,0.5172,260.0,23.3038,190.0,14.6822,9.7422,10.9844,10.0,-10.0625,828.6133,3.2154,76.6962,79.0,6.7506,13.9241,14.8434,37.7308,1.5503,0.2963,52.822,28.2641,125.0,24.0,20.0,216.0,94.0,289.0,2.4023,3.3125,5.8125,-2.5039,59.75,96.9844,-4.9063,-4.3438,-17.5625,871.1548,837.9517,23.0,0.2586,0.3594,10.3125,77.0625,1.3796666666666657,942780.0,l
93,37.15899999999994,62.0,0.7649,172.6619,0.5204,250.0,27.9539,202.0,15.0584,10.1953,11.082,10.0,-10.3125,840.7593,3.56,71.9424,97.0,10.0584,13.9294,14.6958,39.24,1.5562,0.2696,53.5539,28.7313,117.0,24.0,20.0,206.0,135.0,266.0,1.8984,2.8125,6.25,-2.6211,60.0,92.0,-3.7031,-6.3906,-23.9375,893.2495,743.5303,23.0,0.2602,-2.6406,10.6563,70.7969,1.3909666666666658,943458.0,l
94,37.85399999999995,63.0,0.7711,173.6614,0.5251,252.0,26.9565,225.0,15.2003,9.8164,11.6055,11.0,-9.75,815.4907,3.4841,72.9378,93.0,9.1791,13.9078,14.7165,38.9286,1.5692,0.2782,53.5502,28.7289,121.0,22.0,23.0,207.0,111.0,284.0,2.5,3.375,6.5625,-2.7422,60.25,98.4375,-3.3281,-8.9063,-22.5469,859.1309,879.8218,23.0,0.2625,-0.2656,8.5313,75.3281,1.402549999999999,944153.0,l
95,38.15599999999995,54.0,0.5627,126.7159,0.4204,579.0,0.0,73.0,0.377,0.3711,0.0664,16.0,-25.7188,487.915,1.2712,122.2809,-106.0,14.6913,0.0,0.0,16.943,1.1542,0.1061,24.7415,10.3428,85.0,44.0,99.0,436.0,92.0,268.0,0.0039,0.4375,0.375,41.75,,15.3125,2.8281,-18.1875,27.8438,491.4551,367.7368,,0.2102,16.7969,-16.0469,14.2344,2.854016666666666,208712.0,r
96,38.54499999999994,64.0,0.7711,174.6725,0.5266,256.0,25.3644,226.0,15.3961,10.8789,10.8945,10.0,-9.2656,763.1836,3.3672,74.5269,87.0,8.0254,13.8226,14.6788,38.3203,1.5694,0.2868,53.2025,28.507,121.0,22.0,19.0,215.0,117.0,274.0,2.3555,3.5,6.3125,-2.6328,60.25,103.6406,-3.7969,-4.6406,-19.0781,812.0728,854.8584,23.0,0.2633,-0.5938,8.5938,77.3594,1.4140666666666657,944844.0,l
97,39.10299999999995,55.0,0.512,65.9341,0.4204,1607.0,0.0,67.0,0.1556,0.0977,0.1211,16.0,-13.0156,150.8179,0.2651,176.5934,-697.0,84.9587,0.0,0.0,6.1045,1.1302,1.7048,61.7705,33.9752,228.0,100.0,95.0,1412.0,104.0,109.0,0.2891,0.3125,0.625,41.75,,20.875,9.3281,-23.875,-28.5469,160.0342,219.6655,,0.2102,37.0,-5.0625,17.375,2.8697999999999992,209659.0,r
98,39.231999999999935,65.0,0.7711,177.2526,0.5266,249.0,26.3314,214.0,14.9686,11.4375,9.6563,10.0,-9.0938,914.4897,3.4378,73.5598,89.0,8.3934,14.3849,15.2421,39.3976,1.569,0.2894,54.3545,29.2422,124.0,22.0,18.0,209.0,117.0,278.0,0.5117,3.375,7.3125,-2.457,60.0,99.6094,-2.1094,-3.7813,-15.7969,969.6655,813.9038,23.0,0.2633,-0.6563,9.0,74.875,1.4255166666666657,945531.0,l
99,39.90899999999994,66.0,0.7774,178.8376,0.5313,249.0,25.6716,0.0,15.2956,10.9727,10.6563,11.0,-9.8281,909.2407,3.3896,74.2176,86.0,7.7757,14.5237,15.4267,39.3976,1.5819,0.2981,54.669,29.4429,132.0,20.0,18.0,211.0,105.0,282.0,0.6875,3.375,7.5625,-2.918,60.0,95.7656,-3.6563,-1.1875,-21.2813,940.0024,852.5391,23.0,0.2657,0.3281,7.5781,74.0,1.436799999999999,946208.0,l
100,40.579999999999934,67.0,0.7774,176.2115,0.5298,252.0,25.8824,0.0,14.2868,10.4609,9.7305,11.0,-11.4688,801.6968,3.4048,74.0088,88.0,8.1605,14.1323,15.0037,38.9286,1.5821,0.291,53.986,29.0071,126.0,18.0,28.0,206.0,111.0,279.0,1.8984,3.25,6.375,-2.6836,60.0,95.5469,-1.9844,-8.9219,-15.2344,882.019,765.1367,23.0,0.2649,-0.1094,7.4219,73.1563,1.4479833333333323,946879.0,l
101,40.92299999999997,56.0,0.5627,186.0465,0.4204,331.0,0.0,75.0,0.2906,0.2344,0.1719,16.0,-31.3125,284.4849,1.8973,102.6357,-9.0,0.1083,23.0416,27.2217,29.6375,1.1447,0.3145,43.6501,22.4105,123.0,88.0,79.0,164.0,103.0,211.0,0.1875,0.625,0.125,41.75,,26.1406,-10.8125,-6.1406,-22.0781,362.9761,142.1509,,0.2102,15.4219,-7.8906,12.4219,2.900133333333333,211479.0,r
102,41.26099999999993,68.0,0.7821,175.9531,0.5329,246.0,27.8592,0.0,13.3738,10.832,7.8438,12.0,-9.0313,759.8267,3.5447,72.1408,95.0,9.4328,14.3949,15.2295,39.878,1.5914,0.2837,54.7532,29.4967,127.0,16.0,20.0,210.0,122.0,273.0,0.1758,3.0,7.0625,-2.957,60.5,98.8438,-2.375,-1.2188,-15.7969,796.3257,845.0928,23.0,0.2665,1.7031,4.8438,74.5469,1.4593333333333325,947560.0,l
103,41.56799999999996,57.0,0.476,84.7458,0.4204,296.0,58.1921,63.0,0.251,0.2344,0.0898,9.0,-40.9688,305.7251,7.5676,41.8079,412.0,75.8306,7.3401,7.3919,33.1419,0.9667,0.1489,41.4766,21.0234,120.0,60.0,95.0,141.0,496.0,624.0,0.5469,0.75,0.5625,41.75,,26.0625,-10.8125,-6.1406,-22.0781,318.7866,491.1499,,0.2102,25.6406,12.4063,-13.1094,2.9108833333333326,212124.0,r
104,41.942999999999934,69.0,0.7868,180.4511,0.536,252.0,24.0964,0.0,15.0821,11.125,10.1836,11.0,-8.3281,797.9126,3.2778,75.7895,80.0,6.6803,14.5324,15.5186,38.9286,1.6014,0.312,54.6955,29.4598,139.0,22.0,18.0,212.0,107.0,270.0,1.4883,3.4375,7.4375,-2.793,59.5,96.4531,-3.0938,-7.8594,-16.3125,813.4155,793.2739,23.0,0.268,-1.5469,7.7344,74.25,1.470699999999999,948242.0,l
105,42.60799999999994,70.0,0.7837,174.1655,0.5329,246.0,28.4884,0.0,15.1492,10.8711,10.5508,11.0,-10.7188,788.3911,3.6016,71.4078,98.0,10.026,14.235,15.0404,39.878,1.5946,0.278,54.5965,29.3967,121.0,20.0,26.0,200.0,117.0,284.0,1.2891,3.5,6.75,-2.7734,59.5,98.7031,-2.9375,-3.9531,-15.9063,818.9697,845.5811,23.0,0.2665,-0.6719,7.7969,72.25,1.4817833333333323,948907.0,l
106,42.98399999999995,58.0,0.3468,65.6455,0.4204,1253.0,0.0,43.0,0.3466,0.2227,0.2656,13.0,-1.1719,63.9648,0.9178,137.0897,-339.0,69.5489,0.0,0.0,7.8292,0.7183,0.8804,37.1142,18.2392,220.0,4.0,10.0,1239.0,496.0,79.0,0.5977,0.1875,0.8125,-4.0,,13.5313,-1.9531,-6.1406,-22.0781,140.686,16.7847,,0.2102,27.5,3.3594,17.8125,2.9344833333333327,213540.0,r
107,43.29699999999993,71.0,0.7868,175.1825,0.5345,250.0,26.9006,0.0,14.6371,10.875,9.7969,11.0,-11.3906,931.5186,3.48,72.9927,92.0,8.8304,14.1114,14.9675,39.24,1.6013,0.2879,54.2821,29.196,121.0,22.0,18.0,210.0,109.0,288.0,1.3906,3.4375,6.9375,-2.8359,59.75,99.4219,-1.9219,-6.2031,-18.8125,1001.1597,917.7856,23.0,0.2672,-1.1563,8.3281,75.2969,1.4932666666666656,949596.0,l
108,43.981999999999935,72.0,0.7868,174.6725,0.5345,250.0,27.1137,0.0,15.0271,11.6016,9.5508,11.0,-9.8906,1023.1323,3.496,72.7802,93.0,9.0203,14.0651,14.9114,39.24,1.6013,0.2858,54.2186,29.1555,117.0,19.0,18.0,213.0,129.0,272.0,0.0625,3.4375,6.75,-3.0,59.75,96.125,-2.4844,0.5156,-14.2813,1067.9932,769.104,23.0,0.2672,-2.7656,7.6406,71.6406,1.5046833333333325,950281.0,l
109,44.66899999999993,73.0,0.79,175.6955,0.5376,244.0,28.4457,0.0,13.9403,10.4258,9.2539,12.0,-7.3125,838.4399,3.5984,71.4495,97.0,9.7421,14.4657,15.2987,40.2049,1.6074,0.2842,55.1594,29.7559,125.0,13.0,22.0,209.0,119.0,280.0,1.168,2.9375,4.25,-3.1797,59.75,101.0469,-2.7344,-9.9219,-18.4063,1013.855,986.5112,23.0,0.2688,-2.3125,4.7344,75.3438,1.5161333333333322,950968.0,l
110,44.81199999999996,59.0,0.4073,103.4483,0.4908,1055.0,0.0,49.0,0.5773,0.4102,0.4063,16.0,-52.6406,90.332,0.1991,181.8966,-475.0,77.4985,0.0,0.0,9.2986,0.8432,0.1592,17.4467,5.6872,120.0,86.0,148.0,2869.0,20.0,85.0,0.6758,0.3125,0.25,-4.0,,33.5313,-1.9531,7.2188,-22.0781,140.686,398.1323,,0.2454,61.4063,-9.3125,35.4531,2.9649499999999995,215368.0,r
111,45.351999999999926,74.0,0.7868,174.4186,0.536,252.0,26.7442,248.0,15.5098,10.2227,11.6641,11.0,-11.8594,880.4932,3.4603,73.2558,92.0,8.805,13.9452,14.8002,38.9286,1.6014,0.286,53.9128,28.9603,123.0,18.0,28.0,206.0,109.0,284.0,2.1836,3.625,7.5625,-2.9063,59.75,100.1094,-3.9219,-4.6875,-16.4219,911.0107,888.2446,23.0,0.268,-2.5313,8.4531,73.8125,1.5275166666666655,951651.0,l
112,46.03999999999994,75.0,0.7962,178.8376,0.5423,242.0,27.7612,0.0,15.4796,12.4727,9.168,12.0,-8.6875,818.5425,3.5455,72.1311,93.0,8.8921,14.843,15.7345,40.5372,1.6201,0.2968,55.9201,30.2414,141.0,16.0,22.0,204.0,105.0,280.0,0.9648,2.4375,5.75,-2.8086,60.25,92.4844,-0.75,-6.7188,-16.7031,940.8569,814.6973,23.0,0.2712,0.0469,6.0625,73.0938,1.5389833333333325,952339.0,l
113,46.710999999999935,76.0,0.7931,176.2115,0.5407,246.0,27.6471,0.0,12.5563,10.3711,7.0781,11.0,-7.4375,841.1865,3.5366,72.2467,94.0,9.107,14.3956,15.2574,39.878,1.6139,0.2898,55.0267,29.6712,131.0,18.0,20.0,208.0,117.0,274.0,1.5703,3.125,5.75,-3.1641,60.25,96.9688,-2.2188,-6.4219,-17.6875,906.8604,773.4375,23.0,0.2704,-1.8438,6.6719,73.4688,1.5501666666666656,953010.0,l
114,47.39199999999993,77.0,0.7947,179.3722,0.5407,240.0,28.1437,0.0,15.0043,11.1016,10.0938,11.0,-8.6719,713.3179,3.575,71.7489,94.0,9.107,15.0087,15.8933,40.875,1.6168,0.2958,56.2169,30.4309,143.0,18.0,22.0,200.0,105.0,280.0,1.2891,3.125,7.25,-2.9844,60.0,95.1406,-1.2813,-5.8438,-14.3906,773.0103,860.7788,23.0,0.2704,-0.875,7.1563,70.3281,1.5615166666666656,953691.0,l
115,48.06099999999993,78.0,0.7978,180.4511,0.5423,248.0,25.3012,0.0,14.9996,11.3984,9.75,10.0,-8.75,696.5942,3.3629,74.5865,84.0,7.2738,14.6828,15.6585,39.5565,1.6237,0.3114,55.3923,29.9046,137.0,18.0,26.0,204.0,105.0,278.0,0.0625,3.75,7.375,-3.2422,59.75,96.1875,-3.2031,2.9219,-15.4844,784.3628,812.6221,23.0,0.2712,-0.8906,9.5313,73.1875,1.5726666666666655,954360.0,l
116,48.29799999999997,60.0,0.4564,84.6262,0.5611,1141.0,0.0,55.0,1.4933,1.2891,0.7539,16.0,3.1719,12.5122,0.4855,160.9309,-432.0,72.9608,0.0,0.0,8.5977,0.9548,0.5612,29.2541,13.2229,136.0,139.0,10.0,992.0,20.0,239.0,0.4883,0.75,1.4375,-4.0,,67.1094,3.125,7.2188,-22.0781,22.1558,168.7012,,0.2805,-34.0625,-2.9844,-64.2344,3.02305,218854.0,r
117,48.725999999999935,79.0,0.7978,176.7305,0.5407,246.0,27.4336,0.0,14.2528,11.7344,8.0898,12.0,-8.9219,722.5342,3.5203,72.4595,93.0,8.9174,14.4323,15.3139,39.878,1.6236,0.2936,55.1812,29.7698,131.0,16.0,20.0,210.0,111.0,280.0,1.3867,3.1875,9.0,-2.9023,59.75,94.25,-2.125,-4.6719,-17.5781,732.8491,765.686,23.0,0.2704,-0.4219,5.5938,72.625,1.5837499999999989,955025.0,l
118,49.40499999999994,80.0,0.7947,177.2526,0.5376,254.0,24.8521,0.0,15.495,11.1406,10.7695,11.0,-10.7656,822.6929,3.3307,75.0369,84.0,7.3367,14.1077,15.055,38.622,1.6176,0.3042,54.2195,29.156,127.0,20.0,19.0,215.0,105.0,282.0,2.0547,3.6875,7.3125,-2.8008,60.0,97.5781,-3.7188,-6.9063,-17.6406,862.9761,909.3628,23.0,0.2688,-1.75,8.2344,73.4531,1.5950666666666655,955704.0,l
119,49.71599999999995,61.0,0.476,98.2801,0.5611,899.0,0.0,57.0,0.6345,0.625,0.1094,1.0,43.9375,0.0,0.7164,147.2563,-289.0,55.5961,0.0,0.0,10.9121,0.9853,0.2328,21.8384,8.4901,59.0,144.0,92.0,1687.0,20.0,302.0,0.668,0.0,0.0,-4.0,,133.0313,3.125,7.2188,-22.0781,22.1558,187.8662,,0.2805,-5.7188,88.6719,-134.5469,3.0466833333333327,220272.0,r
120,50.08199999999993,81.0,0.7884,176.7305,0.5329,246.0,27.4336,0.0,13.5903,10.9375,8.0664,10.0,-8.6875,713.3789,3.5203,72.4595,93.0,9.0464,14.4519,15.3139,39.878,1.6043,0.2902,54.9997,29.654,123.0,17.0,24.0,205.0,111.0,288.0,0.9414,3.9375,8.4375,-2.832,60.0,96.2969,-3.0625,-8.2656,-17.1875,784.4849,806.5186,23.0,0.2665,1.1563,8.9375,70.6094,1.6063499999999988,956381.0,l
121,50.93699999999996,62.0,0.5071,178.8376,0.5611,551.0,0.0,62.0,0.1058,0.0078,0.1055,11.0,-4.0313,0.0,0.4356,164.2325,-216.0,39.2047,0.0,0.0,17.804,1.0367,0.4313,34.8909,16.8203,97.0,203.0,62.0,1310.0,22.0,98.0,0.3438,0.0,0.0,-4.0,,23.8438,8.9688,2.7344,11.8594,22.1558,230.0415,,0.2805,37.0781,7.5,21.9688,3.067033333333333,221493.0,r
122,51.44799999999993,83.0,0.779,176.4706,0.5266,244.0,28.2353,202.0,15.0226,10.8008,10.4414,11.0,-10.0781,758.9722,3.5738,71.7647,96.0,9.7411,14.5557,15.3807,40.2049,1.5848,0.2823,55.0124,29.6621,131.0,16.0,24.0,204.0,108.0,285.0,0.3594,3.1875,7.0,-2.8203,59.5,87.4688,-3.3281,-3.4531,-22.3906,791.1987,788.8184,23.0,0.2633,0.8594,7.2344,68.7031,1.6291166666666654,957747.0,l
123,51.97999999999996,64.0,0.5693,35.4191,0.5611,843.0,50.2361,74.0,0.5205,0.1445,0.5,16.0,-32.5,138.4888,6.038,49.7639,851.0,85.4842,0.9628,0.9761,11.637,1.185,2.421,89.008,51.3585,96.0,147.0,241.0,2759.0,98.0,243.0,0.5625,0.5,0.125,-4.0,,6.7656,4.0781,17.0469,20.8281,243.4692,243.4692,,0.2805,33.2188,-14.5313,-11.7344,3.0844166666666664,222536.0,r
124,52.127999999999936,84.0,0.779,175.6955,0.5282,246.0,27.8592,177.0,14.771,10.7031,10.1797,11.0,-9.2031,746.582,3.5528,72.0351,95.0,9.5152,14.3783,15.2018,39.878,1.585,0.2825,54.6932,29.4584,131.0,20.0,24.0,202.0,109.0,282.0,2.2109,3.1875,6.75,-2.7344,59.5,99.7656,-3.6094,-7.7813,-22.875,778.2593,925.5371,23.0,0.2641,-0.1875,7.6875,75.1563,1.6404499999999989,958427.0,l
125,52.81099999999993,85.0,0.7759,173.6614,0.5282,246.0,28.6957,224.0,14.4138,10.3125,10.0703,10.0,-9.3906,781.6772,3.6179,71.2012,99.0,10.3165,14.2068,14.9882,39.878,1.5785,0.2732,54.3873,29.2632,121.0,20.0,22.0,204.0,127.0,274.0,1.5313,4.0,7.5625,-2.9219,60.25,100.7031,-4.2188,-8.375,-21.75,800.6592,864.6851,23.0,0.2641,-3.0469,8.6094,74.8281,1.6518333333333322,959110.0,l
126,53.50199999999993,86.0,0.7759,175.1825,0.5298,250.0,26.9006,267.0,14.4425,10.9961,9.3633,11.0,-8.0156,794.7998,3.48,72.9927,92.0,8.9076,14.1338,14.9675,39.24,1.5787,0.2839,54.0711,29.0613,117.0,22.0,18.0,210.0,119.0,282.0,1.2891,3.875,7.625,-2.7344,60.25,94.2969,-4.0781,-10.3906,-25.2656,834.3506,760.1318,23.0,0.2649,-0.1719,8.5313,72.0469,1.6633499999999988,959801.0,l
127,54.18699999999992,87.0,0.7696,176.7305,0.5251,248.0,26.8437,270.0,15.2257,11.1328,10.3867,10.0,-9.4219,729.0039,3.4758,73.0486,91.0,8.7948,14.3882,15.225,39.5565,1.5658,0.2855,54.385,29.2617,123.0,19.0,26.0,203.0,129.0,268.0,1.2539,3.875,7.375,-2.5156,60.25,91.6875,-4.7344,-6.8281,-23.3438,766.6626,763.855,23.0,0.2625,-1.125,10.2969,71.0156,1.6747666666666654,960486.0,l
128,54.86599999999992,88.0,0.768,175.9531,0.5251,239.0,29.912,240.0,13.2781,10.1055,8.6133,12.0,-7.75,694.6411,3.7071,70.088,102.0,11.0,14.8255,15.5911,41.046,1.5621,0.2706,55.4112,29.9166,125.0,16.0,26.0,197.0,130.0,274.0,0.3984,4.5625,8.3125,-3.0547,59.75,97.8281,-3.5313,-8.5625,-19.2813,806.9458,760.1929,23.0,0.2625,-1.3438,6.0,72.0,1.686083333333332,961165.0,l
129,55.36799999999997,65.0,0.5905,120.4819,0.5611,463.0,7.0281,76.0,0.3237,0.1094,0.3047,4.0,-0.9219,0.0,2.3024,92.9719,35.0,1.2269,6.9158,7.5345,21.1879,1.2068,0.041,27.2436,11.9397,28.0,124.0,112.0,1251.0,94.0,439.0,0.3672,0.0,0.0,56.375,,8.2031,-7.9375,17.0469,20.8281,243.4692,202.0264,,0.2805,28.2031,25.9063,-15.4063,3.140883333333333,225924.0,r
130,55.54799999999992,89.0,0.7743,176.7305,0.5282,246.0,27.4336,232.0,15.2805,12.2539,9.1289,11.0,-7.5313,604.7363,3.5203,72.4595,93.0,9.1256,14.4809,15.3139,39.878,1.5753,0.2849,54.7275,29.4803,127.0,18.0,26.0,202.0,125.0,270.0,0.2695,3.375,7.625,-2.7969,59.75,92.4531,-3.3594,-2.3125,-18.5469,691.6504,774.353,23.0,0.2641,-2.4688,8.1406,69.9219,1.6974499999999988,961847.0,l
131,56.226999999999926,90.0,0.7759,174.6725,0.5298,248.0,27.6968,248.0,14.1735,11.9102,7.6836,12.0,-9.0,830.9937,3.5403,72.198,95.0,9.4876,14.1884,14.9996,39.5565,1.5786,0.2795,54.2565,29.1797,125.0,14.0,18.0,216.0,115.0,280.0,1.6641,2.625,6.75,-2.7461,60.0,96.4063,-2.75,-4.6719,-17.1094,940.7349,810.1196,23.0,0.2649,-2.0156,5.3281,74.0625,1.7087666666666654,962526.0,l
132,56.363999999999976,66.0,0.6004,83.9748,0.5611,1037.0,0.0,77.0,0.6795,0.6484,0.2031,1.0,-8.5,202.8809,0.756,145.1365,-323.0,61.2671,0.0,0.0,9.46,1.2744,0.6917,35.3078,17.0864,107.0,60.0,32.0,945.0,93.0,299.0,0.625,0.375,0.9375,56.375,,291.5313,27.5938,17.0469,20.8281,228.6377,133.1787,,0.2805,23.0,332.7031,-294.375,3.157483333333333,226920.0,r
133,56.91399999999992,91.0,0.7759,176.2115,0.5298,252.0,25.8824,243.0,15.5864,10.3164,11.6836,10.0,-7.7813,852.7832,3.4048,74.0088,88.0,8.1605,14.1356,15.0037,38.9286,1.5788,0.2904,53.9555,28.9876,125.0,22.0,19.0,211.0,105.0,286.0,1.043,3.625,7.0,-2.8711,59.75,93.3125,-4.2656,-0.1563,-22.5469,879.1504,779.0527,23.0,0.2649,0.3594,8.8906,75.0,1.7202166666666654,963213.0,l
134,57.59499999999992,92.0,0.7727,173.1602,0.5282,252.0,27.1676,229.0,15.1262,11.0,10.3828,11.0,-8.6563,893.1274,3.5,72.7273,94.0,9.3195,13.8594,14.662,38.9286,1.5724,0.2767,53.518,28.7083,117.0,20.0,17.0,215.0,115.0,284.0,2.6289,3.4375,7.1875,-2.5742,59.75,104.1563,-3.5156,-9.6094,-22.2031,917.5415,869.751,23.0,0.2641,-0.4063,7.125,76.9219,1.7315666666666654,963894.0,l
135,57.79299999999998,67.0,0.5971,98.9283,0.5611,738.0,0.0,77.0,0.7314,0.7109,0.1719,16.0,7.7813,13.2446,1.2873,121.6818,-132.0,16.9426,0.0,0.0,13.2927,1.2375,0.2299,25.139,10.5965,67.0,147.0,52.0,539.0,153.0,322.0,1.1328,0.25,0.75,-0.0039,,25.7969,8.6094,17.0469,20.8281,48.7671,291.5039,,0.2805,43.5469,-7.375,29.7188,3.1813,228349.0,r
136,58.28799999999992,93.0,0.7759,174.4186,0.5298,253.0,26.4535,185.0,13.6329,10.2227,9.0195,11.0,-8.0781,796.7529,3.4387,73.5465,91.0,8.718,13.921,14.7604,38.7747,1.5789,0.2831,53.5826,28.7496,123.0,18.0,22.0,213.0,99.0,293.0,2.4453,2.875,6.0625,-2.8516,59.75,97.3438,-2.8438,-4.9219,-19.7656,870.7886,791.748,23.0,0.2649,0.0938,7.25,76.7344,1.743116666666665,964587.0,l
137,58.97599999999992,94.0,0.7774,174.1655,0.5329,248.0,27.907,145.0,13.6712,10.8984,8.2539,11.0,-8.9375,786.8652,3.5565,71.9884,96.0,9.6287,14.1404,14.9456,39.5565,1.5818,0.278,54.2244,29.1592,123.0,18.0,22.0,208.0,113.0,284.0,2.0273,3.3125,6.5625,-2.5938,59.75,96.375,-2.8281,-4.7031,-19.4219,827.8198,779.3579,23.0,0.2665,1.7188,6.3594,73.5,1.754583333333332,965275.0,l
138,59.006,68.0,0.6167,116.1665,0.5611,794.0,0.0,78.0,0.5438,0.4961,0.2227,16.0,-0.2969,180.6641,0.602,153.727,-278.0,53.4956,0.0,0.0,12.3552,1.2852,0.0145,17.9304,5.9959,247.0,8.0,14.0,772.0,151.0,88.0,0.6016,1.125,0.875,-0.0039,,80.5,3.7813,-19.0781,6.6563,210.083,363.7085,,0.2805,71.25,-0.3594,69.125,3.2015166666666666,229562.0,r
139,59.66499999999992,95.0,0.7868,174.6725,0.5392,252.0,26.5306,148.0,14.8438,10.5273,10.4648,11.0,-10.7031,829.4067,3.4524,73.3624,91.0,8.5682,13.9685,14.8285,38.9286,1.6014,0.2881,53.9765,29.001,127.0,20.0,26.0,206.0,103.0,286.0,1.793,3.3125,6.875,-2.7383,59.75,93.8594,-3.0938,-0.4688,-17.7656,849.3042,772.644,23.0,0.2696,3.3594,7.7188,72.9531,1.7660666666666651,965964.0,l
140,60.351999999999926,96.0,0.7915,174.1655,0.5423,260.0,24.4186,149.0,13.123,10.3633,8.0508,11.0,-7.9219,712.2192,3.3,75.4717,84.0,7.2738,13.5684,14.4885,37.7308,1.6115,0.2968,53.0823,28.4303,123.0,20.0,20.0,220.0,95.0,290.0,2.0625,2.4375,6.3125,-2.6797,59.25,96.1406,-3.3281,-1.2031,-19.0625,766.7236,739.2578,23.0,0.2712,3.1719,7.5469,76.2813,1.7775166666666653,966651.0,l
141,61.04099999999992,97.0,0.7868,174.1655,0.5407,256.0,25.5814,217.0,15.348,11.8242,9.7852,11.0,-8.5625,743.7744,3.3828,74.3106,88.0,7.9971,13.7412,14.6197,38.3203,1.6016,0.2905,53.4422,28.66,119.0,17.0,20.0,219.0,107.0,286.0,2.0898,3.25,7.4375,-2.6055,60.25,94.6563,-3.9063,0.9219,-20.0469,790.8936,746.521,23.0,0.2704,1.1719,7.2188,75.3906,1.7889999999999986,967340.0,l
142,61.72999999999991,98.0,0.7853,170.9402,0.5407,260.0,25.9259,260.0,14.3369,10.668,9.5781,11.0,-11.2188,778.8696,3.4,74.0741,91.0,8.5437,13.274,14.1115,37.7308,1.5986,0.2794,52.5075,28.0635,108.0,19.0,20.0,221.0,103.0,297.0,1.9375,2.6875,6.6875,-2.4844,60.25,94.4688,-4.1719,1.6875,-18.6094,852.6001,795.4102,23.0,0.2704,2.1875,8.1875,75.9844,1.800483333333332,968029.0,l
143,62.43199999999991,99.0,0.7853,173.1602,0.5423,252.0,27.1676,268.0,14.5397,10.7578,9.7813,11.0,-10.2969,708.4961,3.5,72.7273,94.0,9.0811,13.8346,14.662,38.9286,1.5982,0.2812,53.7562,28.8604,119.0,16.0,28.0,208.0,108.0,289.0,2.2266,3.8125,7.1875,-2.5195,59.0,97.8125,-3.2656,-2.8594,-15.1094,783.7524,802.4902,23.0,0.2712,-0.3125,7.0625,76.6719,1.812183333333332,968731.0,l
144,63.12499999999991,100.0,0.7853,173.1602,0.5423,258.0,25.4335,363.0,14.5498,11.2148,9.2695,10.0,-10.1563,739.6851,3.3721,74.4589,88.0,7.9743,13.5647,14.4337,38.0233,1.5985,0.2879,53.0541,28.4123,115.0,22.0,22.0,214.0,97.0,298.0,1.8594,3.5625,7.25,-2.7891,60.0,94.1719,-2.8438,-1.6875,-16.8438,784.79,811.8896,23.0,0.2712,1.7031,9.1563,76.7188,1.823733333333332,969424.0,l
145,63.81799999999991,101.0,0.7821,171.6738,0.5423,252.0,27.7937,367.0,14.5398,10.082,10.4766,11.0,-10.0313,724.3652,3.5476,72.103,97.0,9.6593,13.7097,14.5034,38.9286,1.5917,0.2738,53.5096,28.703,117.0,20.0,25.0,207.0,99.0,300.0,2.4648,3.4375,7.6875,-2.6953,60.0,94.5,-2.8594,-5.9219,-20.3125,732.4219,816.4063,23.0,0.2712,-0.4688,7.5156,74.5938,1.835283333333332,970117.0,l
146,64.51699999999991,102.0,0.7837,175.4386,0.5423,253.0,26.0234,0.0,14.2233,10.582,9.5039,11.0,-9.9219,808.96,3.4071,73.9766,89.0,8.1541,14.0003,14.8765,38.7747,1.595,0.2902,53.8609,28.9272,129.0,20.0,18.0,215.0,99.0,287.0,2.1211,3.5,7.5,-2.7344,60.0,96.3281,-3.1875,-0.0313,-19.5625,829.6509,831.4819,23.0,0.2712,0.1719,6.625,76.7188,1.846933333333332,970816.0,l
147,65.20099999999991,103.0,0.779,172.6619,0.5392,260.0,25.072,0.0,13.3576,9.9023,8.9648,11.0,-8.7656,764.1602,3.3462,74.8201,87.0,7.8411,13.449,14.3092,37.7308,1.5857,0.2857,52.6436,28.1503,117.0,20.0,22.0,218.0,92.0,299.0,2.8164,3.125,6.0,-2.6797,60.25,93.875,-3.5156,-1.6563,-18.7813,843.3838,754.6997,23.0,0.2696,0.1875,8.25,76.5938,1.858333333333332,971500.0,l
148,65.8959999999999,104.0,0.7727,173.6614,0.5345,258.0,25.2174,0.0,15.332,12.2656,9.1992,10.0,-8.4688,760.498,3.3566,74.6744,87.0,7.9092,13.6388,14.4921,38.0233,1.5727,0.2854,52.8761,28.2987,113.0,18.0,18.0,222.0,101.0,296.0,1.8594,3.3125,6.25,-2.5938,59.25,93.7188,-2.9531,-5.2969,-22.2031,846.0693,736.084,23.0,0.2672,1.1406,8.8438,76.4375,1.869916666666665,972195.0,l
149,66.5869999999999,105.0,0.7711,172.1664,0.536,258.0,25.8621,0.0,13.6867,11.418,7.5469,11.0,-8.1719,834.3506,3.4031,74.0316,90.0,8.4319,13.5001,14.3199,38.0233,1.5695,0.2785,52.6561,28.1583,115.0,20.0,19.0,219.0,103.0,292.0,1.8398,3.3125,6.8125,-2.8945,59.25,97.2656,-2.5938,-2.8125,-18.0469,943.6035,799.4385,23.0,0.268,0.2813,8.4531,76.3906,1.881433333333332,972886.0,l
150,67.2839999999999,106.0,0.7711,172.6619,0.5345,254.0,26.8012,0.0,14.3214,10.3125,9.9375,10.0,-8.3594,734.9243,3.4724,73.0935,93.0,9.0203,13.7229,14.5258,38.622,1.5693,0.2762,53.1859,28.4964,113.0,21.0,22.0,211.0,111.0,290.0,1.6445,3.8125,7.0,-2.5859,60.0,95.5625,-4.5625,-0.8281,-20.3125,755.9814,786.8652,23.0,0.2672,-0.625,9.5625,74.625,1.8930499999999983,973583.0,l
151,67.9789999999999,107.0,0.7711,173.913,0.5345,258.0,25.2174,0.0,14.6769,11.0938,9.6094,10.0,-9.1875,875.6714,3.3488,74.7826,87.0,7.9092,13.6664,14.5217,38.0233,1.5695,0.2848,52.8457,28.2793,113.0,22.0,16.0,220.0,98.0,299.0,2.3984,3.0,7.5625,-3.0,60.0,92.9219,-3.9375,-5.5156,-20.8594,1012.7563,723.5107,23.0,0.2672,-0.2813,10.7656,73.7031,1.904633333333332,974278.0,l
152,68.6689999999999,108.0,0.768,175.6955,0.5313,254.0,25.5132,0.0,14.8773,11.4492,9.5,10.0,-9.0313,743.2251,3.378,74.3777,87.0,7.9553,14.0136,14.8694,38.622,1.5629,0.2876,53.5019,28.6981,125.0,22.0,20.0,212.0,103.0,286.0,2.3672,3.4375,6.875,-2.5664,60.0,97.3594,-4.3281,-4.9531,-20.7656,833.7402,803.7109,23.0,0.2657,-0.5781,9.8438,75.5,1.916133333333332,974968.0,l
153,69.35199999999989,109.0,0.7649,173.1602,0.5282,252.0,27.1676,0.0,15.2917,10.7227,10.9023,11.0,-8.4375,867.4316,3.5,72.7273,94.0,9.3195,13.8748,14.662,38.9286,1.5563,0.2738,53.3691,28.6133,117.0,20.0,20.0,212.0,105.0,294.0,2.293,3.8125,7.25,-2.5352,59.75,95.9531,-4.0156,-2.9375,-21.0781,922.5464,822.3877,23.0,0.2641,0.8281,8.25,74.6094,1.927516666666665,975651.0,l
154,70.0449999999999,110.0,0.7602,173.6614,0.5251,258.0,25.2174,260.0,14.0852,10.4063,9.4922,10.0,-7.75,700.8057,3.3566,74.6744,87.0,8.049,13.6647,14.4921,38.0233,1.547,0.2807,52.6335,28.1439,111.0,21.0,24.0,213.0,107.0,292.0,2.0508,3.5,7.625,-2.5859,58.75,95.9219,-4.8125,-5.25,-21.2031,720.7642,757.3853,23.0,0.2625,0.6875,10.3594,75.3438,1.939066666666665,976344.0,l
155,70.7359999999999,111.0,0.7586,175.6955,0.5235,258.0,24.3402,253.0,14.7406,12.5195,7.7813,10.0,-6.6094,653.1982,3.2946,75.549,83.0,7.3559,13.8697,14.7361,38.0233,1.5438,0.2886,52.8555,28.2855,123.0,21.0,20.0,217.0,95.0,292.0,2.0313,3.5,5.125,-2.4766,58.75,97.5313,-4.9375,0.9844,-18.375,744.873,783.6304,23.0,0.2618,1.8125,10.0156,77.4844,1.950583333333332,977035.0,l
156,71.4189999999999,112.0,0.757,169.9717,0.5235,254.0,28.0453,301.0,14.9468,11.4648,9.5898,11.0,-7.4688,732.605,3.5591,71.9547,99.0,10.4071,13.511,14.2396,38.622,1.5404,0.2591,52.5564,28.0947,101.0,22.0,20.0,212.0,110.0,303.0,1.2656,3.125,6.8125,-2.3203,59.75,89.8125,-4.4375,-2.5469,-19.3594,774.9634,749.8169,23.0,0.2618,0.2969,8.3438,65.3906,1.9619666666666649,977718.0,l
157,72.12499999999989,113.0,0.7602,174.1655,0.5251,256.0,25.5814,307.0,14.7041,11.625,9.0039,11.0,-7.9063,757.5073,3.3828,74.3106,88.0,8.2326,13.7965,14.6197,38.3203,1.5469,0.2806,52.9269,28.3311,119.0,18.0,24.0,214.0,97.0,296.0,1.7461,3.5625,7.3125,-2.1211,59.75,96.0469,-5.2656,2.2188,-20.9063,806.1523,760.498,23.0,0.2625,0.6875,8.2969,78.1094,1.973733333333332,978424.0,l
158,72.81399999999988,114.0,0.757,171.6738,0.5235,264.0,24.3553,247.0,15.0917,11.4023,9.8867,9.0,-7.9688,746.7041,3.2955,75.5365,85.0,7.7104,13.2467,14.0704,37.1591,1.5409,0.2777,51.6525,27.5178,109.0,20.0,23.0,221.0,99.0,296.0,1.8086,2.875,7.0,-2.25,59.75,96.9063,-6.1406,2.5625,-21.4219,829.834,753.1128,23.0,0.2618,0.4063,11.1094,79.5,1.9852166666666649,979113.0,l
159,73.51299999999989,115.0,0.7555,170.4545,0.5235,260.0,26.1364,245.0,12.6478,9.1289,8.7539,11.0,-7.6563,782.7759,3.4154,73.8636,92.0,9.0125,13.2879,14.0571,37.7308,1.5374,0.2667,51.8823,27.6645,106.0,21.0,18.0,221.0,105.0,297.0,2.5117,2.6875,5.9375,-2.3477,59.75,96.3438,-5.0313,-4.1563,-25.0156,862.6099,728.7598,23.0,0.2618,0.5625,8.2031,76.7969,1.9968666666666648,979812.0,l
160,74.2169999999999,116.0,0.7586,169.7313,0.5282,258.0,26.9122,236.0,14.0281,10.5703,9.2227,11.0,-10.6094,737.854,3.4806,72.9844,95.0,9.5152,13.3017,14.0516,38.0233,1.5438,0.2637,52.1107,27.8102,109.0,20.0,24.0,214.0,103.0,298.0,2.5039,3.0625,7.1875,-2.5391,59.75,97.4844,-4.5,-2.6563,-18.9844,798.2178,758.9111,23.0,0.2641,-1.1875,7.7969,76.2031,2.008599999999998,980516.0,l
161,74.9239999999999,117.0,0.7633,174.1655,0.5313,258.0,25.0,245.0,14.2008,9.457,10.5938,9.0,-8.875,722.229,3.3411,74.8911,86.0,7.7757,13.7074,14.5515,38.0233,1.5534,0.284,52.7572,28.2228,119.0,20.0,27.0,211.0,105.0,286.0,1.8867,3.0625,5.9375,-2.7773,59.5,94.4688,-6.5,1.4531,-21.7031,799.1943,756.3477,23.0,0.2657,-0.6875,11.3594,74.5469,2.0203833333333314,981223.0,l
162,75.61299999999989,118.0,0.7664,173.4104,0.5329,256.0,26.0116,233.0,13.0198,10.0273,8.3047,11.0,-8.6719,715.3931,3.4062,73.9884,90.0,8.4808,13.7119,14.533,38.3203,1.5598,0.2788,52.9227,28.3284,122.0,17.0,26.0,213.0,101.0,289.0,1.9883,3.4375,7.875,-2.5273,59.5,97.0625,-4.3125,-2.375,-18.6094,731.9336,768.9209,23.0,0.2665,2.9531,7.4688,76.3594,2.031866666666665,981912.0,l
163,76.3049999999999,119.0,0.768,173.6614,0.5345,262.0,24.058,229.0,15.1405,10.5664,10.8438,10.0,-8.9063,809.2041,3.2748,75.8321,83.0,7.2065,13.4944,14.3686,37.4427,1.5633,0.2881,52.338,27.9553,121.0,22.0,24.0,216.0,103.0,282.0,2.3125,3.1875,6.875,-2.4141,59.75,94.4219,-5.0156,-3.0313,-22.125,863.6475,718.4448,23.0,0.2672,3.0156,9.5938,75.4688,2.0433999999999983,982604.0,l
164,76.9959999999999,120.0,0.7696,168.7764,0.536,266.0,25.0704,176.0,12.9423,9.9102,8.3242,9.0,-9.2969,722.0459,3.3459,74.8242,89.0,8.2482,12.8685,13.672,36.8797,1.5668,0.2717,51.2978,27.2914,99.0,24.0,20.0,222.0,113.0,290.0,2.207,2.6875,5.625,-2.375,59.75,96.4375,-5.3125,-2.5,-25.5938,855.835,707.7026,23.0,0.268,1.2656,10.9844,77.4219,2.054916666666665,983295.0,l
165,77.70699999999988,121.0,0.7727,174.1655,0.5392,258.0,25.0,0.0,13.8752,11.1992,8.1914,11.0,-8.0781,793.8843,3.3411,74.8911,86.0,7.664,13.6876,14.5515,38.0233,1.5727,0.2875,52.9399,28.3394,119.0,22.0,17.0,219.0,103.0,288.0,2.5039,3.0,7.5,-2.7813,59.75,94.4375,-3.3281,-1.5156,-18.5938,827.3315,765.686,23.0,0.2696,-0.1406,7.6094,74.9375,2.066766666666665,984006.0,l
166,78.3959999999999,122.0,0.779,171.6738,0.5423,255.0,26.9341,0.0,14.7111,10.1992,10.6016,11.0,-8.6406,760.1929,3.4824,72.9614,94.0,9.0811,13.5721,14.3783,38.4706,1.5855,0.276,53.0913,28.436,114.0,20.0,20.0,215.0,99.0,300.0,2.3789,2.8125,6.5,-2.5039,60.0,91.0781,-4.2969,-2.0313,-23.5938,852.2339,763.6719,23.0,0.2712,1.2656,7.9063,74.4688,2.0782499999999984,984695.0,l
167,78.50399999999999,69.0,0.6282,119.0476,0.5611,698.0,0.0,80.0,0.8212,0.5234,0.6328,16.0,10.2813,299.8047,0.8883,138.4921,-194.0,33.3455,0.0,0.0,14.0544,1.3016,0.0482,20.706,7.7673,16.0,55.0,151.0,492.0,234.0,76.0,0.5195,0.25,0.625,-0.0039,,53.8438,3.7813,-11.0156,6.6563,303.2227,658.1421,,0.2805,28.2969,-23.1563,42.1719,3.526483333333333,249060.0,r
168,79.09499999999989,123.0,0.7759,172.4138,0.5407,262.0,24.7126,0.0,14.2744,10.3633,9.8164,9.0,-10.75,682.1899,3.313,75.2874,86.0,7.6421,13.3541,14.2176,37.4427,1.5794,0.2846,52.2973,27.9293,109.0,20.0,28.0,214.0,94.0,303.0,2.6523,3.3125,7.0,-2.5156,59.5,93.4219,-5.9063,-4.4219,-22.125,764.7095,696.106,23.0,0.2704,1.1094,11.1563,75.875,2.0898999999999983,985394.0,l
169,79.51199999999997,70.0,0.566,71.4711,0.5611,1361.0,0.0,72.0,0.0816,0.0781,0.0234,15.0,-5.0938,206.8481,0.4673,162.1203,-522.0,78.1453,0.0,0.0,7.2079,1.2348,1.3378,52.2809,27.9188,113.0,8.0,32.0,1321.0,235.0,83.0,0.1055,0.1875,0.125,-0.0039,,10.0938,0.8438,3.7344,14.6719,214.2334,146.7285,,0.2805,-26.7969,0.9844,16.8594,3.543283333333333,250068.0,r
170,79.79099999999991,124.0,0.7727,167.8322,0.5392,256.0,28.2913,0.0,15.258,10.7891,10.7891,11.0,-9.9375,883.2397,3.5859,71.6084,101.0,10.5145,13.2034,13.9354,38.3203,1.5726,0.2585,52.3651,27.9726,101.0,18.0,20.0,218.0,117.0,294.0,2.1523,3.0,6.9375,-2.6367,60.25,99.8281,-4.2031,-9.0156,-23.5469,972.29,815.1855,23.0,0.2696,0.8125,7.2656,74.9688,2.1014999999999984,986090.0,l
171,80.50599999999989,125.0,0.7774,174.1655,0.5423,257.0,25.2907,0.0,15.1975,11.0391,10.4453,11.0,-10.0156,783.02,3.3619,74.6009,87.0,7.7963,13.7187,14.5849,38.1712,1.5823,0.2882,53.1452,28.4704,118.0,18.0,20.0,219.0,95.0,298.0,2.2617,2.75,7.0625,-2.8125,60.25,98.625,-4.1406,-3.4219,-19.7344,851.6235,779.4189,23.0,0.2712,1.2656,7.6094,77.3438,2.113416666666665,986805.0,l
172,81.19099999999997,71.0,0.5104,226.8431,0.5611,382.0,0.0,61.0,0.0778,0.0742,0.0234,14.0,-3.0,26.4893,0.7696,144.4234,-118.0,13.6821,0.0,0.0,25.6806,1.0386,0.4832,44.33,22.8444,239.0,139.0,147.0,96.0,50.0,97.0,0.5898,0.0625,0.1875,-0.0039,,27.1406,-5.75,-7.4531,-24.5,52.5513,467.7124,,0.2805,2.6094,2.125,11.0469,3.5712666666666664,251747.0,r
173,81.19499999999991,126.0,0.7774,172.4138,0.5423,256.0,26.4368,0.0,14.4436,11.4766,8.7695,11.0,-7.8594,772.644,3.4375,73.5632,92.0,8.7048,13.5971,14.4208,38.3203,1.5823,0.2786,53.0069,28.3822,115.0,18.0,20.0,218.0,98.0,299.0,2.4688,2.9375,8.1875,-2.6289,60.0,98.2813,-3.6094,-1.5625,-18.7188,805.8472,774.7192,23.0,0.2712,2.1406,6.875,76.75,2.1248999999999985,987494.0,l
174,81.71999999999997,72.0,0.5447,94.5626,0.5611,1000.0,0.0,64.0,0.495,0.3672,0.332,12.0,-4.1563,37.4756,0.538,157.6044,-366.0,66.8786,0.0,0.0,9.81,1.1432,0.3718,25.5372,10.8507,101.0,127.0,72.0,801.0,50.0,129.0,0.7148,0.25,0.3125,-0.0039,,129.7813,-1.6094,-7.4531,-24.5,60.3638,299.5605,,0.2805,33.0,4.6563,129.5156,3.580083333333333,252276.0,r
175,81.8909999999999,127.0,0.7743,171.184,0.5407,260.0,25.7143,0.0,14.7891,11.6445,9.1172,10.0,-8.8594,773.8037,3.3923,74.1797,90.0,8.3596,13.3187,14.139,37.7308,1.5761,0.2776,52.3626,27.971,105.0,18.0,24.0,218.0,139.0,264.0,2.5469,3.5625,7.875,-2.7383,60.0,92.625,-4.1875,0.0781,-21.8125,866.2109,668.7622,23.0,0.2704,1.9375,9.4219,74.3125,2.1364999999999985,988190.0,l
176,82.5919999999999,128.0,0.779,170.2128,0.5439,258.0,26.7045,0.0,14.6858,11.457,9.1875,12.0,-8.4531,835.2051,3.4651,73.1915,94.0,9.0554,13.3059,14.1035,38.0233,1.5856,0.2729,52.5539,28.0931,105.0,18.0,18.0,222.0,107.0,298.0,2.1445,2.75,7.6875,-2.6602,60.0,97.8125,-2.8594,-2.7031,-23.5938,891.1133,782.8979,23.0,0.2719,1.5938,5.9375,77.2656,2.148183333333332,988891.0,l
177,82.98899999999998,73.0,0.6298,267.8571,0.5611,235.0,0.0,79.0,1.851,1.3828,1.2305,12.0,18.1875,623.6572,1.8128,104.9107,-11.0,0.1212,53.2982,69.6223,41.7447,1.2793,0.4738,61.0751,33.5314,64.0,148.0,19.0,68.0,50.0,163.0,0.4258,0.75,1.25,22.5,,8.4219,-9.1875,-7.1406,-15.7188,1001.2207,164.3677,,0.2805,-1.4688,5.8594,-3.25,3.601233333333333,253545.0,r
178,83.29699999999991,129.0,0.779,170.2128,0.5454,246.0,30.1136,0.0,14.6166,9.4805,11.125,12.0,-9.4219,935.3638,3.7317,69.7872,106.0,11.4246,13.9145,14.6455,39.878,1.585,0.2602,54.0236,29.031,110.0,16.0,20.0,210.0,121.0,291.0,2.4063,3.3125,5.6875,-2.7031,60.0,92.3906,-3.2969,-9.6094,-25.3281,1008.9111,801.8799,23.0,0.2727,-1.8125,5.6094,73.5625,2.159933333333332,989596.0,l
179,83.43699999999998,74.0,0.6543,125.1303,0.5611,445.0,7.0981,81.0,2.1437,1.9023,0.9883,2.0,-13.25,144.5313,2.3101,92.805,34.0,1.1579,7.3036,8.0982,22.0449,1.3387,0.0822,29.8646,13.6125,155.0,43.0,22.0,380.0,50.0,374.0,0.3125,0.6875,1.5,22.5,,30.9688,-9.2031,-6.4375,-21.75,515.7471,356.6895,,0.2805,-3.7656,30.6563,28.8906,3.6087,253993.0,r
180,84.00199999999992,130.0,0.7806,170.9402,0.547,260.0,25.9259,0.0,14.53,8.5742,11.7305,9.0,-10.8906,769.5313,3.4,74.0741,91.0,8.4472,13.2835,14.1115,37.7308,1.589,0.2777,52.4184,28.0066,107.0,24.0,24.0,212.0,107.0,294.0,2.2656,3.1875,4.875,-2.8164,60.25,97.1563,-3.7813,-0.8281,-17.8125,926.3306,783.1421,23.0,0.2735,-1.7031,11.5313,73.7813,2.1716833333333323,990301.0,l
181,84.70399999999992,131.0,0.7884,174.6725,0.5517,266.0,22.449,0.0,14.0232,10.3438,9.4688,10.0,-8.2031,743.7744,3.1654,77.4381,77.0,6.0181,13.4193,14.3984,36.8797,1.6054,0.3048,52.4446,28.0233,121.0,22.0,21.0,223.0,105.0,276.0,2.0391,2.875,5.5625,-2.6563,60.25,97.3906,-4.4688,-5.25,-21.9375,817.1997,738.0371,23.0,0.2759,0.0469,9.6406,77.0313,2.183383333333332,991003.0,l
182,85.3909999999999,132.0,0.79,177.2526,0.5486,261.0,22.7811,0.0,13.8512,11.8711,7.1367,11.0,-8.0,726.5015,3.1877,77.1049,77.0,6.0522,13.8523,14.8529,37.5862,1.6083,0.3108,53.3436,28.5971,130.0,22.0,18.0,221.0,91.0,286.0,2.4531,3.125,7.625,-2.6641,60.0,97.5313,-2.8125,-1.8594,-17.0,803.1006,830.2612,23.0,0.2743,0.4375,8.5156,76.9844,2.194833333333332,991690.0,l
183,86.06799999999993,133.0,0.7821,174.6725,0.5423,255.0,25.656,0.0,14.0056,11.332,8.2305,11.0,-8.8281,710.022,3.3882,74.2358,88.0,7.9743,13.8424,14.7142,38.4706,1.5919,0.2898,53.5314,28.7169,122.0,18.0,18.0,219.0,103.0,288.0,1.9883,2.9375,7.25,-2.668,59.75,97.7813,-3.0625,1.2813,-18.75,851.1963,822.7539,23.0,0.2712,1.9688,7.8906,77.0156,2.2061166666666656,992367.0,l
184,86.75499999999994,134.0,0.779,173.4104,0.5407,260.0,24.8555,0.0,14.5664,11.332,9.1523,11.0,-8.6875,700.8667,3.3231,75.1445,86.0,7.6421,13.5214,14.3977,37.7308,1.5857,0.2878,52.708,28.1914,111.0,22.0,18.0,220.0,98.0,299.0,1.957,3.5625,7.125,-2.6211,59.75,97.9219,-4.9688,0.1875,-23.3281,732.5439,831.4819,23.0,0.2704,1.7188,8.2344,77.1094,2.2175666666666656,993054.0,l
185,87.44699999999992,135.0,0.779,176.2115,0.5392,256.0,24.7059,0.0,14.5224,11.3164,9.1016,10.0,-7.5938,717.5293,3.3203,75.1836,84.0,7.3156,13.9564,14.8622,38.3203,1.5855,0.2962,53.5487,28.7279,121.0,22.0,18.0,216.0,95.0,296.0,1.5625,3.4375,7.4375,-2.5469,59.75,96.8594,-4.1094,-3.0938,-19.1094,801.5137,789.4897,23.0,0.2696,0.3906,10.0938,75.7813,2.229099999999999,993746.0,l
186,88.12799999999996,136.0,0.779,171.6738,0.5376,256.0,26.6476,0.0,14.4591,10.9375,9.457,11.0,-8.4375,594.5435,3.4609,73.2475,93.0,8.9686,13.5265,14.3391,38.3203,1.5855,0.277,52.9738,28.3611,115.0,18.0,26.0,212.0,105.0,292.0,1.5898,3.0,7.5625,-2.6484,60.25,95.2969,-4.3906,-1.7188,-24.1406,641.1133,783.5693,23.0,0.2688,-0.4531,8.375,74.5156,2.240449999999999,994427.0,l
187,88.82699999999994,137.0,0.7774,176.2115,0.5345,258.0,24.1176,0.0,15.1925,11.582,9.832,11.0,-8.6875,791.5039,3.2791,75.7709,82.0,7.0356,13.8808,14.7998,38.0233,1.5824,0.2979,53.2909,28.5634,127.0,18.0,17.0,223.0,95.0,288.0,2.0781,3.25,7.4375,-2.6133,60.25,96.0156,-3.9688,-0.0156,-20.2813,844.3604,764.5874,23.0,0.2672,2.3281,7.5156,77.2188,2.252099999999999,995126.0,l
188,89.38299999999998,77.0,0.6871,210.1576,0.5611,414.0,0.0,88.0,1.8772,1.875,0.0898,16.0,5.3906,60.1807,0.7585,145.0088,-129.0,16.2221,0.0,0.0,23.6957,1.405,0.6171,47.8276,25.0767,197.0,100.0,45.0,269.0,50.0,107.0,0.4688,0.0625,1.6875,0.0625,,3.4219,7.4063,2.3281,15.3438,63.1104,115.2344,,0.2805,8.7188,-7.5625,7.2344,3.7078,259939.0,r
189,89.95399999999998,78.0,0.7296,190.779,0.5611,497.0,0.0,95.0,1.6053,1.6016,0.1094,12.0,0.4844,0.0,0.5312,158.0286,-183.0,30.3494,0.0,0.0,19.7384,1.5009,0.6505,45.2566,23.4359,139.0,98.0,158.0,1265.0,50.0,82.0,0.082,0.0,0.0,0.0625,,12.2656,-11.2969,2.3281,15.3438,63.1104,696.2891,,0.2805,27.2344,5.5156,-30.3281,3.7173166666666666,260510.0,r
190,90.20399999999992,139.0,0.7649,176.2115,0.5251,254.0,25.2941,0.0,14.2066,10.9375,9.0664,10.0,-6.8438,648.9258,3.3622,74.5962,86.0,7.8674,14.0705,14.9302,38.622,1.5564,0.2885,53.5041,28.6995,123.0,18.0,24.0,212.0,100.0,291.0,0.8555,3.75,8.0625,-2.6523,59.75,95.1719,-4.5781,0.3125,-20.8438,674.3164,737.1216,23.0,0.2625,-0.1406,8.6406,75.0781,2.275049999999999,996503.0,l
191,90.58299999999996,79.0,,212.3894,,215.0,23.7589,0.0,1.8708,1.832,0.3789,16.0,19.7656,364.8682,3.2558,76.1062,67.0,,,,45.6279,,,,,254.0,44.0,76.0,95.0,50.0,249.0,0.1641,0.1875,2.0,119.375,,4.7969,-4.9063,1.1875,0.7656,366.8213,273.1323,,,0.2031,-6.0156,4.8906,3.7278,261139.0,r
192,90.88499999999992,140.0,0.7633,169.7313,0.5266,262.0,25.779,0.0,13.7507,10.0703,9.3633,11.0,-7.3906,759.7656,3.3969,74.116,91.0,8.7691,13.1241,13.9076,37.4427,1.5536,0.2695,51.7429,27.5755,105.0,20.0,18.0,224.0,111.0,290.0,1.8555,2.9375,6.6875,-2.5508,59.75,98.8906,-4.3281,-2.875,-25.4531,788.7573,782.4097,23.0,0.2633,-0.7813,7.0625,78.3594,2.286399999999999,997184.0,l
193,91.14799999999995,80.0,,149.0683,,430.0,0.0,0.0,1.224,1.0547,0.6211,7.0,-1.5938,0.0,1.7442,106.8323,-28.0,,,,22.814,,,,,252.0,151.0,92.0,1211.0,50.0,292.0,0.5742,0.0,0.0,-0.1641,,99.7813,6.1719,1.1875,0.7656,366.8213,639.4043,,,-57.1094,16.125,-125.125,3.7372166666666655,261704.0,r
194,91.59199999999991,141.0,0.7633,175.6955,0.5266,254.0,25.5132,0.0,14.3465,11.5859,8.4609,10.0,-8.8125,769.104,3.378,74.3777,87.0,8.0254,14.0235,14.8694,38.622,1.5532,0.2858,53.4103,28.6396,119.0,22.0,20.0,212.0,111.0,284.0,0.9727,3.4375,6.8125,-2.4844,59.75,96.0469,-4.0781,-4.0156,-23.125,899.5972,760.9253,23.0,0.2633,-0.2813,9.9219,75.6875,2.2981833333333324,997891.0,l
195,92.27499999999992,142.0,0.7664,175.6955,0.5266,258.0,24.3402,0.0,14.5352,11.3359,9.0977,10.0,-8.75,847.9614,3.2946,75.549,83.0,7.3126,13.8527,14.7361,38.0233,1.5599,0.2916,53.0096,28.3839,125.0,21.0,16.0,221.0,95.0,290.0,2.8984,3.25,7.5625,-2.4766,60.75,95.75,-3.5156,-3.3438,-20.5781,939.1479,803.9551,23.0,0.2633,0.3906,8.6875,76.9219,2.3095666666666657,998574.0,l
196,92.95799999999994,143.0,0.7664,172.4138,0.5282,256.0,26.4368,0.0,14.7779,10.5352,10.3633,11.0,-6.7969,716.6138,3.4375,73.5632,92.0,8.9336,13.6189,14.4208,38.3203,1.5598,0.2746,52.7983,28.249,119.0,20.0,22.0,214.0,116.0,277.0,2.6172,2.6875,6.5625,-2.4961,60.0,97.3438,-3.1094,-6.9219,-22.5469,782.0435,799.4995,22.5,0.2641,-0.1875,6.875,74.75,2.320949999999999,999257.0,l
197,93.65399999999994,144.0,0.7649,171.184,0.5282,264.0,24.5714,0.0,13.6024,10.9727,8.0391,11.0,-7.3906,781.0059,3.3106,75.321,86.0,7.8213,13.1825,14.012,37.1591,1.557,0.2784,51.7401,27.5737,107.0,22.0,18.0,224.0,99.0,298.0,1.9648,3.4375,8.0,-2.6289,60.0,96.7188,-3.375,-1.2813,-19.0156,796.1426,695.5566,22.5,0.2641,2.1875,7.8438,78.6406,2.332549999999999,999953.0,l
198,94.35499999999992,145.0,0.7617,173.6614,0.5282,260.0,24.6377,184.0,13.1229,8.3672,10.1094,9.0,-10.6406,712.7075,3.3154,75.2533,85.0,7.6426,13.5824,14.4277,37.7308,1.5503,0.2835,52.4375,28.0188,113.0,24.0,24.0,212.0,97.0,298.0,2.5898,2.6875,4.4375,-2.4609,59.5,96.5156,-5.375,-5.3125,-24.2188,855.835,798.0347,22.5,0.2641,2.4688,11.5313,76.4219,2.3442333333333325,1000654.0,l
199,95.04599999999994,146.0,0.7649,169.7313,0.5298,253.0,28.3286,196.0,12.5196,9.9922,7.543,10.0,-6.2656,631.1035,3.5889,71.57,100.0,10.4908,13.5251,14.2586,38.7747,1.5564,0.2608,52.823,28.2648,102.0,22.0,24.0,207.0,123.0,290.0,2.1563,3.1875,6.125,-2.6172,60.0,91.9063,-4.2656,-4.1563,-25.3594,762.6953,778.0762,22.5,0.2649,-0.5938,10.6875,70.9688,2.355749999999999,1001345.0,l
200,95.75299999999991,147.0,0.7664,173.913,0.5329,258.0,25.2174,223.0,15.1288,11.4141,9.9297,10.0,-8.9844,917.6636,3.3488,74.7826,87.0,7.9322,13.6762,14.5217,38.0233,1.5599,0.2831,52.7548,28.2213,113.0,22.0,18.0,218.0,105.0,292.0,1.7539,3.3125,7.0625,-2.7344,60.0,97.5938,-4.9375,-0.9844,-22.4219,967.8955,706.8481,22.5,0.2665,-0.3594,9.2813,77.4063,2.3675333333333324,1002052.0,l
201,95.801,84.0,,66.4452,,1279.0,0.0,0.0,1.0038,0.7422,0.6758,16.0,0.0313,11.3525,0.8241,141.639,-376.0,,,,7.6701,,,,,244.0,6.0,8.0,1265.0,50.0,475.0,0.125,1.1875,1.0625,-0.1641,,9.4375,-0.25,-0.1094,0.7656,51.3916,299.4995,,,1.4063,-0.4375,-10.4688,3.8147666666666655,266357.0,r
202,96.44299999999993,148.0,0.7664,171.184,0.5313,260.0,25.7143,224.0,14.2227,10.8438,9.2031,10.0,-8.7188,706.8481,3.3923,74.1797,90.0,8.5055,13.3343,14.139,37.7308,1.56,0.2748,52.2136,27.8759,107.0,22.0,20.0,218.0,105.0,296.0,2.3477,3.1875,7.1875,-2.5039,60.0,99.6875,-4.9375,-2.9688,-23.1875,762.8174,804.2603,22.5,0.2657,1.5156,9.3594,77.3594,2.379033333333332,1002742.0,l
203,97.14399999999996,149.0,0.7664,173.1602,0.5329,258.0,25.4335,264.0,13.6697,11.4336,7.4922,10.0,-8.3125,609.0088,3.3721,74.4589,88.0,8.1131,13.6036,14.4337,38.0233,1.5599,0.281,52.6917,28.181,111.0,20.0,23.0,215.0,95.0,304.0,1.582,3.5,7.375,-2.6797,60.5,98.1094,-4.7031,2.25,-19.9688,709.2896,765.7471,22.5,0.2665,1.0469,10.7656,77.4063,2.3907166666666657,1003443.0,l
204,97.83699999999996,150.0,0.7617,170.2128,0.5313,264.0,25.0,256.0,13.4495,9.9414,9.0586,9.0,-9.5313,723.1445,3.3409,74.8936,88.0,8.1368,13.0949,13.8982,37.1591,1.5505,0.2731,51.5544,27.4552,99.0,23.0,18.0,223.0,107.0,298.0,2.1914,2.875,5.5625,-2.418,60.5,97.2031,-4.9219,-0.7969,-25.3438,847.4731,849.2432,22.5,0.2657,0.8281,11.1094,76.1406,2.402266666666666,1004136.0,l
205,98.54199999999994,151.0,0.7649,173.4104,0.5329,264.0,23.6994,0.0,14.4934,10.3281,10.168,10.0,-9.2031,686.2183,3.2424,76.3006,82.0,7.0561,13.4052,14.2832,37.1591,1.557,0.2869,51.9952,27.7365,115.0,24.0,26.0,214.0,96.0,293.0,2.5469,3.0,5.8125,-2.4258,60.5,96.1406,-4.375,-1.2656,-19.5313,779.8462,721.1304,22.5,0.2665,2.1719,10.5156,75.4688,2.414016666666666,1004841.0,l
206,99.23399999999997,152.0,0.7633,173.6614,0.5313,254.0,26.3768,0.0,13.765,10.8086,8.5234,11.0,-7.8281,704.1016,3.4409,73.5166,91.0,8.6926,13.8304,14.6365,38.622,1.5532,0.2775,53.1604,28.4801,117.0,22.0,18.0,214.0,101.0,296.0,2.1992,3.625,7.6875,-2.3594,60.25,96.5313,-4.3438,-4.6875,-21.9844,721.3135,812.9883,22.5,0.2657,3.1875,7.7031,74.875,2.4255499999999994,1005533.0,l
207,99.92499999999995,153.0,0.7633,173.1602,0.5313,254.0,26.5896,0.0,14.167,10.5273,9.4805,10.0,-10.4219,811.0962,3.4567,73.3045,92.0,8.8817,13.784,14.5807,38.622,1.5532,0.2755,53.0986,28.4407,115.0,22.0,17.0,215.0,107.0,292.0,1.5391,3.0625,6.875,-2.582,60.0,98.6406,-4.625,-0.4375,-20.625,872.8027,833.0688,22.5,0.2657,1.8438,9.1875,76.5313,2.437066666666666,1006224.0,l
208,100.61799999999997,154.0,0.768,171.4286,0.5345,259.0,26.0,0.0,13.9109,10.7891,8.7813,10.0,-8.1875,710.5713,3.4054,74.0,91.0,8.6424,13.3954,14.2013,37.8764,1.5631,0.2743,52.3569,27.9674,109.0,24.0,20.0,215.0,109.0,291.0,2.1563,3.25,6.9375,-2.668,60.0,96.4375,-4.625,-1.0625,-23.8594,738.9526,822.5098,22.5,0.2672,1.2813,9.5,75.8125,2.448616666666666,1006917.0,l
209,101.31799999999996,155.0,0.7711,167.364,0.5392,258.0,27.933,0.0,13.9476,10.1055,9.6133,11.0,-9.6406,816.5894,3.5581,71.9665,100.0,10.3118,13.0723,13.8043,38.0233,1.5695,0.258,52.04,27.7651,103.0,20.0,20.0,218.0,127.0,280.0,0.9336,3.0625,5.9375,-2.9844,60.0,94.4375,-3.8438,-0.4844,-22.25,928.1616,713.0127,22.5,0.2696,-1.9219,8.4688,72.2969,2.460283333333333,1007617.0,l
210,102.03499999999995,156.0,0.7743,172.6619,0.5407,248.0,28.5303,0.0,14.7993,11.082,9.8086,10.0,-10.7969,830.4443,3.6048,71.3669,99.0,10.0822,14.0157,14.7885,39.5565,1.5754,0.2708,53.9812,29.004,111.0,20.0,19.0,209.0,125.0,284.0,1.0195,3.375,6.5,-2.8008,60.25,96.0938,-3.8281,-3.0,-21.5781,942.3218,781.0669,22.5,0.2704,-0.6406,8.8125,72.25,2.472233333333333,1008334.0,l
211,102.72999999999996,157.0,0.7806,173.4104,0.5454,259.0,25.1445,0.0,14.0599,10.9961,8.7617,10.0,-8.5625,780.7007,3.3436,74.8555,87.0,7.7521,13.5576,14.4296,37.8764,1.5889,0.2873,52.8503,28.2822,111.0,24.0,16.0,219.0,121.0,277.0,2.1094,3.125,7.1875,-2.75,60.25,96.875,-3.2969,-6.3594,-20.9688,874.5117,811.9507,22.5,0.2727,-0.1875,10.2813,76.0156,2.4838166666666663,1009029.0,l
212,103.42199999999995,158.0,0.7868,172.1664,0.5486,262.0,24.7126,0.0,14.2406,10.4414,9.6836,11.0,-9.6094,846.6187,3.3206,75.1793,86.0,7.5342,13.307,14.1882,37.4427,1.602,0.2886,52.5088,28.0643,115.0,20.0,20.0,222.0,101.0,290.0,2.6484,3.1875,6.125,-2.9414,59.75,98.1719,-3.4375,-6.3594,-22.8594,949.707,717.8345,22.5,0.2743,-0.9375,8.5156,76.7031,2.49535,1009721.0,l
213,104.119,159.0,0.7837,174.1655,0.5454,258.0,25.0,0.0,13.4676,11.793,6.5039,11.0,-6.8594,633.4229,3.3411,74.8911,86.0,7.577,13.6643,14.5515,38.0233,1.5953,0.2916,53.1531,28.4755,119.0,20.0,20.0,218.0,107.0,284.0,2.3477,3.4375,8.4375,-2.4766,60.75,92.9844,-2.9531,0.0156,-20.4844,661.5601,751.8311,22.5,0.2727,0.25,8.375,73.8438,2.5069666666666666,1010418.0,l
214,104.808,160.0,0.7837,175.6955,0.5454,260.0,23.7537,0.0,15.0798,11.4102,9.8594,10.0,-10.0469,735.8398,3.2538,76.1347,81.0,6.7299,13.7393,14.6776,37.7308,1.5954,0.3005,53.1266,28.4586,121.0,20.0,25.0,215.0,111.0,276.0,2.4609,3.8125,6.75,-2.3047,60.75,97.25,-5.0469,-2.2656,-19.1719,781.25,794.0674,22.5,0.2727,1.9688,9.0781,76.0469,2.51845,1011107.0,l
215,105.491,161.0,0.7821,175.1825,0.5439,256.0,25.1462,0.0,13.38,10.543,8.2383,11.0,-7.8594,661.438,3.3516,74.7445,86.0,7.5985,13.8486,14.7388,38.3203,1.5919,0.2931,53.4803,28.6843,121.0,17.0,26.0,213.0,107.0,284.0,1.9727,4.0,8.3125,-2.4844,60.75,96.1406,-3.7188,-3.0469,-19.2969,729.6143,749.2676,22.5,0.2719,2.1563,8.0313,75.5313,2.5298333333333334,1011790.0,l
216,106.17600000000002,162.0,0.7806,175.4386,0.5407,258.0,24.5614,0.0,15.0876,10.5547,10.7813,10.0,-7.3594,741.1499,3.3023,75.4386,84.0,7.2946,13.7962,14.7046,38.0233,1.5888,0.2948,53.222,28.5194,123.0,22.0,20.0,216.0,102.0,285.0,1.6563,3.5,6.5,-2.4648,61.0,93.8125,-5.1875,0.3906,-22.9063,799.8657,700.9277,22.5,0.2704,1.7188,8.7813,77.3125,2.54125,1012475.0,l
217,106.86,163.0,0.7759,175.6955,0.5345,258.0,24.3402,0.0,13.6722,10.7734,8.418,10.0,-6.5313,724.4263,3.2946,75.549,83.0,7.2065,13.8322,14.7361,38.0233,1.5792,0.2952,53.1947,28.502,129.0,22.0,20.0,216.0,112.0,269.0,2.4336,2.9375,7.5625,-2.4844,60.5,92.8594,-2.9063,-2.6094,-23.875,808.7769,732.8491,22.5,0.2672,1.4219,9.1406,73.2813,2.5526500000000003,1013159.0,l
218,107.543,164.0,0.7743,168.3029,0.5345,252.0,29.2135,0.0,13.6098,9.5195,9.7266,11.0,-8.8594,651.1841,3.6587,70.6872,104.0,11.2285,13.4397,14.1617,38.9286,1.5756,0.2569,52.9388,28.3387,109.0,18.0,30.0,204.0,109.0,298.0,2.625,2.3125,5.75,-2.293,60.5,95.2188,-2.6563,-8.4688,-20.7344,767.8223,812.9883,22.5,0.2672,1.7656,6.7813,74.875,2.5640333333333336,1013842.0,l
219,108.25600000000004,165.0,0.7727,174.1655,0.5329,252.0,26.7442,0.0,14.0566,11.7656,7.6914,11.0,-8.3125,730.5298,3.4683,73.1495,92.0,8.856,13.9507,14.7721,38.9286,1.5724,0.2808,53.6424,28.7878,119.0,18.0,17.0,217.0,105.0,292.0,1.3516,2.8125,8.5,-2.9102,61.0,95.2969,-3.2188,1.3125,-21.1875,789.0625,753.7842,22.5,0.2665,-0.1875,7.5469,75.3906,2.575916666666667,1014555.0,l
220,108.94500000000002,166.0,0.7696,172.9107,0.5313,259.0,25.3602,0.0,12.4881,10.6055,6.5938,11.0,-7.2344,758.8501,3.3591,74.6398,88.0,8.1368,13.5324,14.371,37.8764,1.5664,0.2811,52.5751,28.1066,111.0,20.0,16.0,223.0,105.0,293.0,2.1602,3.9375,8.6875,-2.5664,59.75,100.0,-3.5781,-1.9688,-22.2969,760.437,773.3765,22.5,0.2657,2.0,6.9688,78.0625,2.5874000000000006,1015244.0,l
221,109.639,167.0,0.7711,174.1655,0.5329,254.0,26.1628,0.0,14.7466,11.1758,9.6211,11.0,-8.3281,769.8975,3.4252,73.73,90.0,8.4808,13.8615,14.6932,38.622,1.5693,0.2825,53.3733,28.616,115.0,20.0,18.0,216.0,119.0,280.0,1.543,3.625,7.625,-2.5039,59.75,94.8281,-4.625,-3.2344,-22.7031,802.6123,767.6392,22.5,0.2665,0.9844,7.5781,73.6563,2.598966666666667,1015938.0,l
222,110.32800000000005,168.0,0.7774,173.6614,0.536,252.0,26.9565,0.0,13.9928,10.8438,8.8438,11.0,-8.0938,862.1216,3.4841,72.9378,93.0,8.9944,13.8953,14.7165,38.9286,1.5821,0.2804,53.6698,28.8052,117.0,20.0,18.0,214.0,119.0,280.0,2.2422,3.625,7.625,-2.7617,59.75,99.2031,-2.7656,-6.1094,-21.3281,913.147,780.6396,22.5,0.268,0.7344,6.7813,75.6719,2.6104500000000006,1016627.0,l
223,111.01900000000003,169.0,0.7821,172.6619,0.5407,256.0,26.2248,0.0,14.669,10.1992,10.543,10.0,-11.0625,859.0088,3.4297,73.6691,91.0,8.5437,13.6104,14.4485,38.3203,1.5919,0.2824,53.1597,28.4797,121.0,19.0,26.0,211.0,95.0,296.0,2.043,3.875,7.375,-2.7969,59.75,99.3438,-3.75,-5.7656,-21.3594,906.189,867.0044,22.5,0.2704,2.25,9.0,77.3906,2.6219666666666672,1017318.0,l
224,111.71400000000004,170.0,0.7806,172.6619,0.5407,255.0,26.513,0.0,14.5937,10.8867,9.7188,11.0,-7.1406,762.9395,3.451,73.3813,92.0,8.7296,13.6584,14.4865,38.4706,1.5887,0.2807,53.2466,28.5351,114.0,20.0,20.0,215.0,107.0,292.0,2.1133,4.1875,7.25,-2.4883,59.75,96.6406,-3.6094,1.7031,-20.9531,796.6919,792.1753,22.5,0.2704,1.4063,7.4688,76.5469,2.6335500000000005,1018013.0,l
225,112.40900000000002,171.0,0.7837,170.9402,0.5454,254.0,27.6353,0.0,15.0046,11.582,9.5391,11.0,-8.9531,853.1494,3.5276,72.3647,97.0,9.6048,13.5452,14.3407,38.622,1.5951,0.2724,53.1738,28.4887,107.0,20.0,18.0,216.0,139.0,268.0,1.2617,3.25,6.625,-2.8008,60.0,96.875,-2.875,1.0938,-14.9219,917.6636,774.9634,22.5,0.2727,-1.9063,6.7188,70.9531,2.645133333333334,1018708.0,l
226,113.11100000000002,172.0,0.7853,170.2128,0.5454,256.0,27.2727,0.0,14.9364,10.9375,10.1719,11.0,-8.9688,819.7021,3.5078,72.6241,96.0,9.4113,13.3843,14.1816,38.3203,1.5984,0.273,52.904,28.3165,101.0,20.0,18.0,218.0,111.0,300.0,1.7383,3.75,7.375,-3.043,60.75,101.6094,-3.75,-4.5156,-21.7813,844.4824,868.103,22.5,0.2727,0.9219,6.4688,76.8438,2.6568333333333336,1019410.0,l
227,113.81600000000005,173.0,0.7884,173.6614,0.547,257.0,25.5072,0.0,14.3128,10.625,9.5898,10.0,-10.7813,824.2798,3.3774,74.3849,88.0,7.9066,13.6475,14.5262,38.1712,1.6049,0.2901,53.293,28.5648,118.0,21.0,21.0,215.0,109.0,284.0,2.6133,4.25,7.4375,-2.8711,60.75,98.5469,-3.875,-4.4688,-22.4219,920.2271,868.2251,22.5,0.2735,0.0938,9.1875,75.375,2.6685833333333338,1020115.0,l
228,114.507,174.0,0.7868,173.6614,0.547,260.0,24.6377,0.0,13.9141,11.4063,7.9688,11.0,-8.0156,778.8696,3.3154,75.2533,85.0,7.3828,13.5292,14.4277,37.7308,1.6018,0.2929,52.9249,28.3298,113.0,19.0,18.0,223.0,101.0,294.0,2.0664,3.75,7.5625,-2.7773,60.75,100.7031,-2.8125,0.2656,-19.2188,856.9336,808.7769,22.5,0.2735,1.5469,8.2344,76.9844,2.6801000000000004,1020806.0,l
229,115.198,175.0,0.7884,174.4186,0.547,258.0,25.0,0.0,13.1045,10.1211,8.3242,10.0,-7.3594,717.4683,3.3333,75.0,86.0,7.5555,13.6788,14.5816,38.0233,1.6049,0.2934,53.2445,28.5338,123.0,20.0,24.0,214.0,101.0,286.0,2.2148,4.4375,8.3125,-2.7852,60.5,94.0938,-2.5313,-1.0625,-19.7344,767.2119,737.6099,22.5,0.2735,3.125,8.5625,75.8906,2.691616666666667,1021497.0,l
230,115.88600000000002,176.0,0.7868,172.6619,0.547,256.0,26.2248,0.0,14.0218,11.3008,8.3008,12.0,-6.9063,821.167,3.4297,73.6691,91.0,8.4472,13.6009,14.4485,38.3203,1.6016,0.2841,53.2495,28.537,119.0,18.0,18.0,220.0,105.0,288.0,2.7695,3.375,7.625,-2.8477,60.25,96.9844,-1.9844,-1.4063,-18.9531,879.3945,850.0366,22.5,0.2735,0.6094,5.5625,76.3125,2.7030833333333337,1022185.0,l
231,116.58100000000002,177.0,0.7806,172.6619,0.5423,258.0,25.6484,0.0,14.2289,11.0273,8.9922,11.0,-8.1719,764.5874,3.3876,74.2446,89.0,8.1541,13.5274,14.3763,38.0233,1.5888,0.284,52.8995,28.3136,113.0,16.0,23.0,219.0,103.0,294.0,2.0195,4.0,7.875,-2.8672,60.25,96.3438,-3.1875,2.6406,-16.6094,842.9565,763.1226,22.5,0.2712,2.125,7.3906,76.2656,2.714666666666667,1022880.0,l
232,117.276,178.0,0.7821,172.6619,0.5439,252.0,27.3775,0.0,14.213,9.8867,10.2109,11.0,-8.0313,755.3101,3.5159,72.518,95.0,9.2458,13.7964,14.6083,38.9286,1.5917,0.278,53.6341,28.7824,114.0,18.0,22.0,212.0,94.0,308.0,2.3008,3.875,6.75,-2.7734,59.75,94.1719,-3.6563,-6.4063,-21.6719,840.0879,837.7686,22.5,0.2719,1.4688,7.5781,73.9219,2.7262500000000003,1023575.0,l
233,117.971,179.0,0.7743,175.4386,0.536,254.0,25.731,0.0,13.2759,10.7109,7.8438,11.0,-7.1094,753.0518,3.3858,74.269,88.0,8.0663,13.9757,14.8394,38.622,1.5757,0.2878,53.5604,28.7354,117.0,18.0,18.0,218.0,111.0,286.0,0.6016,4.0625,5.9375,-2.8789,60.5,95.0938,-4.4375,1.9063,-22.8438,844.4214,793.0298,22.5,0.268,0.1719,8.2813,75.3906,2.7378333333333336,1024270.0,l
234,118.655,180.0,0.7743,170.697,0.536,258.0,26.4957,0.0,14.526,11.668,8.6523,10.0,-7.2813,791.626,3.4496,73.3997,93.0,8.9944,13.3586,14.1563,38.0233,1.576,0.2734,52.5279,28.0764,107.0,22.0,16.0,220.0,99.0,304.0,2.4961,3.1875,7.0,-2.6523,60.5,100.4844,-3.3125,-3.1719,-21.5781,875.6104,836.853,22.5,0.268,1.3125,9.0938,76.2188,2.7492333333333336,1024954.0,l
235,119.358,181.0,0.768,173.6614,0.5329,262.0,24.058,235.0,14.4995,11.2617,9.1328,11.0,-6.8906,762.9395,3.2748,75.8321,83.0,7.2274,13.4944,14.3686,37.4427,1.5633,0.2881,52.338,27.9553,113.0,20.0,19.0,223.0,103.0,290.0,1.9336,3.6875,7.125,-2.5117,60.5,99.7656,-3.3281,-0.5469,-19.625,827.3315,771.7285,22.5,0.2665,2.6563,8.1406,78.9375,2.76095,1025657.0,l
236,120.049,182.0,0.7711,173.6614,0.5329,258.0,25.2174,229.0,14.414,11.4063,8.8125,11.0,-6.2188,697.876,3.3566,74.6744,87.0,7.9322,13.642,14.4921,38.0233,1.5695,0.2848,52.8457,28.2793,118.0,20.0,18.0,220.0,100.0,292.0,2.3516,3.625,7.3125,-2.582,60.25,97.8281,-3.0156,-2.7656,-22.7813,729.3701,809.082,22.5,0.2665,3.3906,7.2344,77.5156,2.772466666666667,1026348.0,l
237,120.74,183.0,0.768,171.4286,0.5329,256.0,26.8571,230.0,13.5116,10.5938,8.3867,10.0,-10.2969,871.8262,3.4687,73.1429,94.0,9.2387,13.5258,14.3123,38.3203,1.563,0.2711,52.7044,28.1891,111.0,18.0,24.0,214.0,113.0,288.0,2.8633,3.5,6.5,-2.8164,60.25,98.0313,-3.2969,-8.9531,-20.0938,965.6372,856.6895,22.5,0.2665,-1.1563,8.7188,73.8594,2.783983333333333,1027039.0,l
238,121.44,184.0,0.7696,173.6614,0.5329,258.0,25.2174,252.0,13.7934,10.9688,8.3633,11.0,-7.5,767.7612,3.3566,74.6744,87.0,7.9322,13.6453,14.4921,38.0233,1.5663,0.2842,52.8154,28.26,111.0,18.0,18.0,222.0,111.0,288.0,1.5898,3.625,7.25,-3.0039,60.5,96.9688,-3.1406,0.5469,-18.3594,843.5669,754.4556,22.5,0.2665,0.1719,7.6094,75.25,2.79565,1027739.0,l
239,122.131,185.0,0.7696,172.6619,0.5329,258.0,25.6484,252.0,14.438,11.4336,8.8164,11.0,-7.0156,732.2998,3.3876,74.2446,89.0,8.296,13.5498,14.3763,38.0233,1.5663,0.28,52.689,28.1793,111.0,20.0,19.0,219.0,119.0,280.0,2.0742,3.6875,6.8125,-2.5313,60.0,97.1406,-3.2813,-1.8438,-22.0625,769.104,763.916,22.5,0.2665,0.8438,7.4219,75.8281,2.807166666666667,1028430.0,l
240,122.826,186.0,0.7696,174.6725,0.5329,252.0,26.5306,281.0,13.2412,10.5156,8.0469,10.0,-8.7344,863.0981,3.4524,73.3624,91.0,8.6675,14.0038,14.8285,38.9286,1.566,0.2817,53.6447,28.7892,121.0,17.0,18.0,217.0,101.0,294.0,1.9375,3.6875,6.5,-3.0469,60.25,96.2969,-4.3594,-2.4531,-24.2344,978.9429,784.668,22.5,0.2665,-0.5469,8.6875,74.9844,2.81875,1029125.0,l
241,123.513,187.0,0.7727,170.9402,0.536,258.0,26.4957,248.0,15.1038,11.8203,9.4023,11.0,-6.9688,707.2754,3.4419,73.5043,93.0,8.9944,13.3838,14.183,38.0233,1.5727,0.2728,52.4983,28.0576,105.0,20.0,18.0,220.0,123.0,282.0,2.2227,3.875,7.0,-2.793,60.25,93.9219,-3.6719,-2.2188,-21.9688,782.4097,765.7471,22.5,0.268,-1.8281,8.0156,72.9844,2.8302,1029812.0,l
242,124.21499999999996,188.0,0.7727,174.1655,0.5345,252.0,26.7442,204.0,14.2419,12.0039,7.6641,11.0,-8.3906,782.8979,3.4683,73.1495,92.0,8.8304,13.9507,14.7721,38.9286,1.5724,0.2808,53.6424,28.7878,117.0,18.0,16.0,218.0,115.0,284.0,1.2734,3.6875,8.6875,-2.8086,60.25,94.5938,-3.5156,-1.5469,-18.5156,825.3174,762.085,22.5,0.2672,-2.2344,7.8594,74.5,2.8419,1030514.0,l
243,124.904,189.0,0.7696,173.1602,0.5329,252.0,27.1676,198.0,13.7347,11.3633,7.7148,11.0,-7.4219,586.0596,3.5,72.7273,94.0,9.2387,13.8656,14.662,38.9286,1.566,0.2755,53.4584,28.6703,113.0,16.0,24.0,212.0,121.0,282.0,1.1875,3.5625,8.375,-2.6953,59.75,93.4688,-3.6563,1.25,-20.9688,733.7646,766.9067,22.5,0.2665,2.375,6.5625,73.9063,2.8533833333333334,1031203.0,l
244,125.597,190.0,0.768,172.1664,0.5329,262.0,24.7126,197.0,15.0078,11.5117,9.6289,10.0,-10.1563,943.5425,3.3206,75.1793,86.0,7.7531,13.3463,14.1882,37.4427,1.5633,0.2817,52.1462,27.8329,107.0,21.0,18.0,223.0,111.0,288.0,1.875,3.625,7.5,-2.8242,59.75,99.6563,-4.7188,-3.9375,-22.5625,1016.7236,817.3828,22.5,0.2665,1.0469,10.3594,76.0,2.8649333333333336,1031896.0,l
245,126.294,191.0,0.7696,175.9531,0.5329,266.0,21.9941,225.0,13.1891,10.6719,7.75,10.0,-6.8594,695.9229,3.1278,78.0059,75.0,5.9118,13.6025,14.5709,36.8797,1.5668,0.3019,52.2032,27.8692,123.0,24.0,18.0,224.0,92.0,287.0,2.1836,3.875,7.5625,-2.4023,60.0,93.9219,-4.1094,0.9844,-20.7813,757.3853,768.4937,22.5,0.2665,2.4219,9.5938,77.8906,2.8765500000000004,1032593.0,l
246,126.976,192.0,0.7696,176.2115,0.5313,258.0,24.1176,217.0,14.296,11.8242,8.0352,11.0,-10.3281,762.2681,3.2791,75.7709,82.0,7.0767,13.8982,14.7998,38.0233,1.5663,0.2949,53.136,28.4645,133.0,18.0,20.0,220.0,93.0,284.0,1.9023,3.1875,7.8125,-2.4961,60.0,97.1875,-4.1719,0.8438,-22.6563,833.313,838.1958,22.5,0.2657,4.0625,6.8906,78.4844,2.887916666666667,1033275.0,l
247,127.657,193.0,0.7696,175.1825,0.5298,260.0,23.9766,229.0,12.5318,10.5586,6.75,9.0,-7.9844,462.7686,3.2692,75.9124,82.0,7.0974,13.7183,14.6135,37.7308,1.5664,0.2929,52.7828,28.2391,123.0,28.0,19.0,213.0,91.0,294.0,2.7891,6.0,6.8125,-2.7148,60.0,96.3438,-4.7344,-4.3594,-22.1563,670.5933,819.8242,22.5,0.2649,-0.0781,11.4219,76.6094,2.899266666666667,1033956.0,l
