YOLO_Foot,YOLO_Contact_Time,YOLO_Start_Time,YOLO_Step_Count,Runscribe_Foot,Runscribe_Start_Time,Runscribe_Step_Count,Runscribe_Contact_Time,Runscribe_Footstrike_Type,Runscribe_Power,Runscribe_Cadence,YOLO_Time_Diff,YOLO_Cadence,Watch_Cadence,Watch_GCT,Watch_Heart_Rate
r,250.1250625312656,0.0833750208437552,1,r,0.0500000000000007,6.0,369.0,1.0,0.0,169.2525,0.7670501917625481,156.44347826086954,,,
l,300.1500750299999,0.3668500917,1,l,0.4499999999999993,6.0,420.0,3.0,0.0,161.7251,0.7837251959438221,153.11489361457467,,,
r,266.8000667000165,0.8504252126063032,2,r,0.7590000000000003,7.0,282.0,3.0,0.0,161.2903,0.6836751709187927,175.5219512195122,0.0,0.0,0.0
l,300.1500750375188,1.150575287643822,2,l,1.192000000000002,7.0,406.0,4.0,0.0,166.205,0.7337001834250461,163.5545454545454,0.0,0.0,0.0
r,266.8000667000167,1.534100383525096,3,r,1.503,8.0,298.0,2.0,0.0,165.7459,0.7170251792562949,167.3581395348837,0.0,0.0,0.0
l,266.8000667000165,1.884275471068868,3,l,1.9140000000000013,8.0,408.0,4.0,0.0,159.5745,0.7337001834250456,163.55454545454552,0.0,0.0,0.0
r,300.1500750375188,2.251125562781391,4,r,2.2270000000000003,9.0,278.0,6.0,0.0,160.6426,0.7337001834250456,163.55454545454552,0.0,0.0,0.0
l,283.4750708687679,2.6179756544939137,4,l,2.666000000000002,9.0,400.0,3.0,0.0,163.4877,0.7170251792562947,167.35813953488375,0.0,0.0,0.0
r,283.4750708687679,2.9848257462064365,5,r,2.974,10.0,288.0,3.0,0.0,163.9344,0.7337001834250461,163.5545454545454,0.0,0.0,0.0
l,300.1500750375188,3.3350008337502084,5,l,3.4000000000000004,10.0,288.0,3.0,0.0,163.0435,0.7337001834250456,163.55454545454552,0.0,0.0,0.0
r,283.4750708687679,3.7185259296314825,6,r,3.706,11.0,288.0,2.0,0.0,162.8223,0.7337001834250456,163.55454545454552,0.0,0.0,0.0
l,283.4750708687679,4.068701017175254,6,l,4.136000000000001,11.0,292.0,2.0,0.0,163.4877,0.7503751875937974,159.9199999999999,0.0,0.0,0.0
r,283.4750708687679,4.452226113056528,7,r,4.443,12.0,293.0,3.0,0.0,163.0435,0.7503751875937974,159.9199999999999,0.0,0.0,0.0
l,283.4750708687679,4.819076204769051,7,l,4.869999999999999,12.0,292.0,3.0,0.0,161.2903,0.7337001834250456,163.55454545454552,0.0,0.0,0.0
r,283.475070868767,5.2026013006503256,8,r,5.179,13.0,276.0,4.0,0.0,160.2136,0.7337001834250456,163.55454545454552,0.0,0.0,0.0
l,283.4750708687679,5.552776388194097,8,l,5.613999999999999,13.0,292.0,2.0,727.0,160.4278,0.7503751875937974,159.9199999999999,0.0,0.0,0.0
r,283.4750708687679,5.936301484075371,9,r,5.928000000000001,14.0,296.0,2.0,57.0,159.5745,0.7670501917625492,156.4434782608693,0.0,0.0,0.0
l,283.475070868767,6.303151575787894,9,l,6.362,14.0,296.0,2.0,692.0,161.7251,0.7670501917625474,156.44347826086968,0.0,0.0,0.0
r,283.475070868767,6.70335167583792,10,r,6.680000000000003,15.0,298.0,2.0,58.0,161.7251,0.7337001834250447,163.5545454545457,0.0,0.0,0.0
l,266.800066700017,7.070201767550442,10,l,7.104000000000001,15.0,296.0,3.0,636.0,160.0,0.7337001834250465,163.5545454545453,0.0,0.0,0.0
r,283.4750708687679,7.437051859262965,11,r,7.422000000000004,16.0,296.0,2.0,60.0,160.6426,0.7337001834250465,163.5545454545453,0.0,0.0,0.0
l,283.4750708687679,7.803901950975488,11,l,7.854000000000003,16.0,300.0,3.0,584.0,159.3625,0.7337001834250447,163.5545454545457,0.0,0.0,0.0
r,300.1500750375179,8.170752042688012,12,r,8.169000000000004,17.0,303.0,2.0,59.0,158.7302,0.7503751875937965,159.92000000000007,0.0,0.0,0.0
l,283.4750708687679,8.537602134400533,12,l,8.607000000000005,17.0,299.0,2.0,532.0,159.1512,0.7503751875937983,159.9199999999997,0.0,0.0,0.0
r,300.1500750375179,8.921127230281808,13,r,8.925000000000004,18.0,298.0,2.0,60.0,159.1512,0.7503751875937965,159.92000000000007,0.0,0.0,0.0
l,333.5000833750214,9.287977321994331,13,l,9.361000000000002,18.0,297.0,3.0,482.0,160.8579,0.7503751875937965,159.92000000000007,0.0,0.0,0.0
r,300.1500750375196,9.671502417875605,14,r,9.679000000000006,19.0,296.0,2.0,63.0,161.5074,0.7670501917625465,156.44347826086985,312.0,0.0,0.0
l,300.1500750375179,10.038352509588128,14,l,10.107000000000005,19.0,294.0,3.0,430.0,159.5745,0.7670501917625483,156.44347826086948,312.0,0.0,0.0
r,283.4750708687696,10.438552609638151,15,r,10.422000000000004,20.0,293.0,2.0,63.0,157.8947,0.7503751875937983,159.9199999999997,312.0,0.0,0.0
l,283.4750708687679,10.805402701350676,15,l,10.859000000000009,20.0,288.0,3.0,378.0,159.1512,0.7503751875937965,159.92000000000007,312.0,0.0,0.0
r,283.4750708687661,11.18892779723195,16,r,11.182000000000006,21.0,295.0,2.0,64.0,160.8579,0.7503751875937965,159.92000000000007,312.0,0.0,0.0
l,283.4750708687679,11.555777888944473,16,l,11.613000000000005,21.0,292.0,2.0,331.0,162.6016,0.7337001834250465,163.5545454545453,308.0,0.0,0.0
r,283.4750708687679,11.939302984825746,17,r,11.928000000000008,22.0,294.0,2.0,65.0,163.7108,0.7503751875937983,159.9199999999997,308.0,0.0,0.0
l,300.1500750375161,12.28947807236952,17,l,12.351000000000004,22.0,292.0,3.0,328.0,160.8579,0.7503751875937965,159.92000000000007,308.0,0.0,0.0
r,316.82507920626966,12.689678172419544,18,r,12.661000000000003,23.0,297.0,2.0,64.0,158.7302,0.733700183425043,163.55454545454612,308.0,0.0,0.0
l,283.4750708687679,13.039853259963316,18,l,13.097000000000008,23.0,290.0,3.0,327.0,159.5745,0.7503751875937965,159.92000000000007,308.0,0.0,0.0
r,283.4750708687696,13.423378355844587,19,r,13.417000000000003,24.0,292.0,2.0,63.0,161.2903,0.7503751875937965,159.92000000000007,308.0,0.0,0.0
l,283.4750708687679,13.790228447557112,19,l,13.849000000000006,24.0,292.0,3.0,312.0,161.2903,0.7670501917625483,156.44347826086948,308.0,0.0,0.0
r,283.4750708687679,14.173753543438384,20,r,,,,,,,0.7503751875938001,159.91999999999933,308.0,0.0,0.0
l,266.8000667000161,14.55727863931966,20,l,14.593000000000009,25.0,298.0,3.0,288.0,159.787,0.7170251792562947,167.35813953488375,308.0,0.0,0.0
r,283.4750708687679,14.924128731032184,21,r,14.908000000000005,26.0,291.0,2.0,74.0,160.8579,0.7337001834250447,163.5545454545457,308.0,0.0,0.0
l,300.1500750375161,15.274303818575955,21,l,15.344000000000008,26.0,293.0,3.0,263.0,162.1622,0.7503751875937965,159.92000000000007,308.0,0.0,0.0
r,283.4750708687679,15.657828914457228,22,r,15.654000000000009,27.0,294.0,2.0,167.0,160.8579,0.7503751875937983,159.9199999999997,308.0,0.0,0.0
l,283.4750708687679,16.02467900616975,22,l,16.084000000000003,27.0,297.0,3.0,232.0,160.4278,0.7503751875937965,159.92000000000007,308.0,0.0,0.0
r,300.1500750375179,16.408204102051027,23,r,16.400000000000006,28.0,294.0,2.0,177.0,158.9404,0.7503751875937965,159.92000000000007,308.0,0.0,0.0
l,283.4750708687679,16.77505419376355,23,l,16.832,28.0,291.0,3.0,201.0,159.1512,0.7503751875937965,159.92000000000007,308.0,0.0,117.0
r,283.4750708687679,17.158579289644823,24,r,17.15500000000001,29.0,297.0,2.0,175.0,160.4278,0.7670501917625465,156.44347826086985,308.0,0.0,117.0
l,283.4750708687679,17.525429381357345,24,l,17.586,29.0,296.0,3.0,215.0,158.3113,0.7670501917625465,156.44347826086985,312.0,0.0,117.0
r,283.4750708687679,17.92562948140737,25,r,17.90300000000001,30.0,298.0,2.0,174.0,160.0,0.7503751875937965,159.92000000000007,312.0,0.0,117.0
l,283.4750708687714,18.29247957311989,25,l,18.344,30.0,296.0,3.0,242.0,161.7251,0.7337001834250465,163.5545454545453,312.0,0.0,117.0
r,283.4750708687643,18.676004669001166,26,r,18.65300000000001,31.0,306.0,2.0,178.0,158.9404,0.7503751875937965,159.92000000000007,316.0,0.0,117.0
l,300.1500750375214,19.026179756544938,26,l,,,,,,,0.7670501917625501,156.4434782608691,316.0,0.0,117.0
r,283.4750708687679,19.426379856594963,27,r,19.40800000000001,32.0,297.0,2.0,214.0,160.0,0.7337001834250465,163.5545454545453,316.0,0.0,117.0
l,283.4750708687679,19.793229948307488,27,l,19.846000000000004,32.0,296.0,3.0,199.0,160.4278,0.7503751875937965,159.92000000000007,316.0,0.0,117.0
r,300.1500750375214,20.16008004002001,28,r,20.158000000000005,33.0,300.0,3.0,208.0,157.8947,0.7670501917625501,156.4434782608691,316.0,0.0,117.0
l,283.4750708687643,20.543605135901284,28,l,20.594,33.0,296.0,3.0,203.0,156.0468,0.7503751875937965,159.92000000000007,316.0,0.0,118.0
r,283.4750708687679,20.92713023178256,29,r,20.91800000000001,34.0,298.0,2.0,204.0,160.2136,0.7503751875938001,159.91999999999933,316.0,0.0,118.0
l,283.4750708687679,21.29398032349508,29,l,21.363,34.0,289.0,3.0,211.0,161.7251,0.7670501917625501,156.4434782608691,316.0,0.0,118.0
r,283.4750708687643,21.67750541937636,30,r,21.66700000000001,35.0,296.0,2.0,118.0,157.8947,0.750375187593793,159.92000000000084,316.0,0.0,119.0
l,283.4750708687643,22.06103051525763,30,l,22.105000000000004,35.0,295.0,3.0,212.0,158.7302,0.7503751875937965,159.92000000000007,316.0,0.0,119.0
r,300.1500750375179,22.427880606970152,31,r,22.427000000000007,36.0,300.0,2.0,151.0,161.2903,0.7670501917625465,156.44347826086985,316.0,0.0,119.0
l,283.4750708687679,22.811405702851427,31,l,22.861000000000004,36.0,291.0,3.0,219.0,161.7251,0.7503751875937965,159.92000000000007,312.0,0.0,119.0
r,283.4750708687679,23.1949307987327,32,r,23.171000000000006,37.0,298.0,2.0,157.0,161.0738,0.7503751875937894,159.9200000000016,312.0,0.0,119.0
l,283.4750708687679,23.561780890445224,32,l,23.603,37.0,295.0,3.0,178.0,161.7251,0.7337001834250465,163.5545454545453,312.0,0.0,119.0
r,283.4750708687714,23.94530598632649,33,r,23.916000000000004,38.0,296.0,2.0,164.0,161.2903,0.7337001834250572,163.55454545454293,312.0,0.0,119.0
l,283.4750708687679,24.29548107387027,33,l,24.345,38.0,288.0,3.0,128.0,161.7251,0.7337001834250501,163.55454545454452,312.0,0.0,119.0
r,300.1500750375179,24.679006169751545,34,r,24.660000000000004,39.0,296.0,2.0,163.0,160.4278,0.733700183425043,163.55454545454612,312.0,0.0,118.0
l,300.1500750375179,25.02918125729532,34,l,25.087,39.0,290.0,2.0,135.0,159.1512,0.767050191762543,156.4434782608706,312.0,0.0,118.0
r,283.4750708687714,25.41270635317659,35,r,25.408,40.0,294.0,3.0,127.0,161.0738,0.7670501917625501,156.4434782608691,312.0,0.0,118.0
l,283.4750708687679,25.796231449057863,35,l,25.841,40.0,292.0,3.0,152.0,159.5745,0.7170251792562965,167.35813953488332,312.0,0.0,118.0
r,266.80006670001785,26.17975654493914,36,r,26.153,41.0,294.0,2.0,131.0,157.8947,0.7170251792562929,167.35813953488417,312.0,0.0,118.0
l,300.1500750375214,26.51325662831416,36,l,26.593,41.0,292.0,3.0,142.0,159.5745,0.767050191762543,156.4434782608706,312.0,0.0,117.0
r,283.4750708687679,26.89678172419543,37,r,26.913000000000004,42.0,288.0,2.0,133.0,160.8579,0.7670501917625394,156.4434782608713,312.0,0.0,117.0
l,283.4750708687714,27.280306820076703,37,l,27.34499999999999,42.0,284.0,3.0,126.0,161.2903,0.7337001834250572,163.55454545454293,312.0,0.0,117.0
r,283.4750708687679,27.66383191595797,38,r,27.659,43.0,286.0,2.0,131.0,163.2653,0.7503751875938001,159.91999999999933,312.0,0.0,117.0
l,283.4750708687643,28.01400700350176,38,l,28.08899999999999,43.0,288.0,3.0,139.0,162.6016,0.7503751875937894,159.9200000000016,312.0,0.0,117.0
r,266.80006670001785,28.41420710355177,39,r,28.394,44.0,283.0,2.0,121.0,160.0,0.7337001834250501,163.55454545454452,312.0,0.0,117.0
l,283.4750708687714,28.76438219109555,39,l,28.826999999999984,44.0,288.0,2.0,135.0,161.7251,0.750375187593793,159.92000000000084,316.0,0.0,118.0
r,266.80006670001785,29.14790728697682,40,r,29.144,45.0,290.0,1.0,123.0,163.2653,0.7503751875937965,159.92000000000007,316.0,0.0,118.0
l,283.475070868775,29.514757378689342,40,l,29.56899999999998,45.0,293.0,3.0,133.0,162.6016,0.7503751875938001,159.91999999999933,316.0,0.0,119.0
r,283.4750708687679,29.898282474570617,41,r,29.879,46.0,292.0,2.0,124.0,161.2903,0.7337001834250465,163.5545454545453,316.0,0.0,119.0
l,283.4750708687679,30.265132566283143,41,l,30.30699999999998,46.0,293.0,3.0,131.0,162.8223,0.7170251792562929,167.35813953488417,316.0,0.0,119.0
r,283.4750708687679,30.631982657995664,42,r,30.62299999999999,47.0,290.0,3.0,124.0,164.3836,0.7503751875937965,159.92000000000007,320.0,0.0,120.0
l,283.4750708687679,30.982157745539435,42,l,31.043999999999983,47.0,295.0,3.0,218.0,162.6016,0.7503751875938036,159.91999999999857,320.0,0.0,120.0
r,283.4750708687679,31.38235784558946,43,r,31.35299999999999,48.0,284.0,3.0,157.0,162.3816,0.7337001834250501,163.55454545454452,320.0,0.0,120.0
l,283.4750708687643,31.73253293313324,43,l,,,,,,,0.7337001834250394,163.5545454545469,320.0,0.0,121.0
r,283.4750708687679,32.11605802901451,44,r,32.09199999999999,49.0,292.0,2.0,160.0,163.0435,0.733700183425043,163.55454545454612,320.0,0.0,121.0
l,283.4750708687679,32.46623311655828,44,l,32.51999999999998,49.0,295.0,3.0,206.0,162.1622,0.7337001834250501,163.55454545454452,320.0,0.0,121.0
r,266.8000667000143,32.84975821243955,45,r,32.82799999999999,50.0,296.0,2.0,161.0,161.0738,0.733700183425043,163.55454545454612,324.0,0.0,122.0
l,283.4750708687679,33.19993329998333,45,l,33.25999999999998,50.0,297.0,2.0,208.0,162.1622,0.7503751875937965,159.92000000000007,324.0,0.0,122.0
r,283.4750708687679,33.5834583958646,46,r,33.572999999999986,51.0,300.0,1.0,158.0,163.0435,0.7503751875937965,159.92000000000007,324.0,0.0,123.0
l,283.4750708687679,33.950308487577125,46,l,33.99999999999998,51.0,295.0,3.0,214.0,162.1622,0.733700183425043,163.55454545454612,324.0,0.0,123.0
r,283.4750708687679,34.33383358345839,47,r,34.30899999999998,52.0,288.0,3.0,127.0,162.1622,0.7503751875938036,159.91999999999857,324.0,0.0,123.0
l,283.4750708687679,34.68400867100217,47,l,34.739999999999974,52.0,294.0,3.0,217.0,161.7251,0.7503751875937965,159.92000000000007,324.0,0.0,124.0
r,266.8000667000143,35.0842087710522,48,r,35.048999999999985,53.0,282.0,3.0,147.0,160.2136,0.733700183425043,163.55454545454612,324.0,0.0,124.0
l,283.4750708687679,35.434383858595965,48,l,35.48199999999997,53.0,292.0,3.0,214.0,158.7302,0.7503751875937965,159.92000000000007,324.0,0.0,124.0
r,283.4750708687679,35.81790895447724,49,r,35.79799999999998,54.0,295.0,2.0,170.0,160.4278,0.7503751875938036,159.91999999999857,324.0,0.0,124.0
l,283.4750708687679,36.18475904618976,49,l,36.23799999999998,54.0,286.0,3.0,214.0,163.0435,0.7503751875937965,159.92000000000007,324.0,0.0,124.0
r,283.4750708687679,36.56828414207104,50,r,36.54599999999998,55.0,282.0,3.0,166.0,160.0,0.7503751875937894,159.9200000000016,324.0,0.0,125.0
l,283.4750708687679,36.93513423378356,50,l,36.973999999999975,55.0,298.0,3.0,119.0,159.1512,0.7337001834250501,163.55454545454452,324.0,0.0,125.0
r,266.8000667000143,37.31865932966483,51,r,37.29599999999998,56.0,300.0,2.0,139.0,161.9433,0.7337001834250501,163.55454545454452,324.0,0.0,125.0
l,283.4750708687679,37.66883441720861,51,l,37.72799999999997,56.0,302.0,3.0,149.0,159.1512,0.7503751875937894,159.9200000000016,324.0,0.0,126.0
r,283.4750708687608,38.05235951308988,52,r,38.03699999999998,57.0,293.0,3.0,134.0,156.658,0.7503751875937965,159.92000000000007,324.0,0.0,126.0
l,300.1500750375214,38.4192096048024,52,l,,,,,,,0.7670501917625501,156.4434782608691,324.0,0.0,126.0
r,283.4750708687679,38.80273470068368,53,r,38.802999999999976,58.0,306.0,2.0,130.0,161.2903,0.7503751875938036,159.91999999999857,324.0,0.0,127.0
l,283.475070868775,39.18625979656495,53,l,39.22899999999997,58.0,289.0,4.0,180.0,159.5745,0.7170251792563036,167.35813953488167,324.0,0.0,127.0
r,300.1500750375072,39.55310988827748,54,r,39.546999999999976,59.0,274.0,4.0,135.0,162.3816,0.7337001834250358,163.55454545454768,324.0,0.0,127.0
l,300.1500750375143,39.90328497582125,54,l,39.98099999999997,59.0,289.0,3.0,176.0,160.8579,0.767050191762543,156.4434782608706,324.0,0.0,127.0
r,300.1500750375214,40.28681007170252,55,r,40.28599999999997,60.0,293.0,1.0,167.0,160.4278,0.7670501917625501,156.4434782608691,324.0,0.0,127.0
l,283.4750708687679,40.670335167583794,55,l,40.72699999999997,60.0,295.0,2.0,181.0,160.4278,0.7503751875937965,159.92000000000007,324.0,0.0,128.0
r,283.4750708687679,41.05386026346507,56,r,41.03399999999997,61.0,278.0,3.0,147.0,160.4278,0.7503751875938036,159.91999999999857,324.0,0.0,128.0
l,300.1500750375214,41.42071035517759,56,l,41.474999999999966,61.0,291.0,3.0,187.0,161.2903,0.7503751875937965,159.92000000000007,324.0,0.0,128.0
r,266.8000667000072,41.80423545105887,57,r,41.78199999999997,62.0,288.0,3.0,125.0,159.787,0.7503751875937894,159.9200000000016,324.0,0.0,128.0
l,283.475070868775,42.17108554277139,57,l,42.218999999999966,62.0,294.0,3.0,215.0,160.8579,0.7503751875937965,159.92000000000007,324.0,0.0,128.0
r,283.4750708687679,42.55461063865266,58,r,42.532999999999966,63.0,298.0,1.0,129.0,159.1512,0.733700183425043,163.55454545454612,324.0,0.0,129.0
l,283.4750708687679,42.92146073036518,58,l,42.96499999999996,63.0,290.0,3.0,228.0,160.0,0.7170251792562965,167.35813953488332,324.0,0.0,129.0
r,300.1500750375214,43.288310822077705,59,r,43.28699999999996,64.0,292.0,2.0,124.0,163.4877,0.7503751875937965,159.92000000000007,324.0,0.0,129.0
l,300.1500750375143,43.63848590962148,59,l,43.71499999999996,64.0,286.0,3.0,201.0,162.6016,0.7670501917625501,156.4434782608691,320.0,0.0,129.0
r,283.4750708687679,44.0386860096715,60,r,44.020999999999965,65.0,290.0,2.0,142.0,160.2136,0.7503751875937965,159.92000000000007,320.0,0.0,129.0
l,283.4750708687608,44.40553610138403,60,l,44.45299999999996,65.0,286.0,3.0,172.0,158.7302,0.7503751875938036,159.91999999999857,320.0,0.0,129.0
r,283.475070868775,44.7890611972653,61,r,44.76999999999996,66.0,293.0,1.0,157.0,157.4803,0.7503751875937894,159.9200000000016,320.0,0.0,129.0
l,266.8000667000072,45.15591128897783,61,l,45.20899999999995,66.0,292.0,2.0,168.0,160.0,0.7503751875937894,159.9200000000016,320.0,0.0,129.0
r,283.475070868775,45.53943638485909,62,r,45.53199999999996,67.0,288.0,1.0,149.0,163.2653,0.7503751875938036,159.91999999999857,320.0,0.0,129.0
l,283.4750708687679,45.90628647657162,62,l,45.95899999999995,67.0,287.0,3.0,157.0,159.787,0.733700183425043,163.55454545454612,320.0,0.0,129.0
r,283.4750708687679,46.28981157245289,63,r,46.26699999999996,68.0,289.0,2.0,121.0,157.4803,0.7503751875937965,159.92000000000007,320.0,0.0,129.0
l,283.475070868775,46.639986659996666,63,l,46.70999999999996,68.0,285.0,3.0,171.0,159.5745,0.7503751875937965,159.92000000000007,324.0,0.0,129.0
r,266.8000667000214,47.04018676004669,64,r,47.02899999999996,69.0,282.0,2.0,142.0,158.7302,0.7503751875938036,159.91999999999857,324.0,0.0,129.0
l,300.1500750375214,47.39036184759046,64,l,47.461999999999954,69.0,285.0,2.0,186.0,159.5745,0.7837251959312965,153.11489361702175,324.0,0.0,129.0
r,266.8000667000143,47.79056194764049,65,r,47.78499999999996,70.0,282.0,2.0,166.0,160.4278,0.7670501917625501,156.4434782608691,324.0,0.0,129.0
l,266.8000667000214,48.17408704352176,65,l,48.21399999999995,70.0,289.0,3.0,151.0,158.3113,0.7503751875938036,159.91999999999857,324.0,0.0,129.0
r,266.8000667000143,48.55761213940304,66,r,48.53299999999996,71.0,284.0,2.0,166.0,157.6873,0.7503751875937894,159.9200000000016,324.0,0.0,129.0
l,283.4750708687608,48.92446223111556,66,l,48.97199999999994,71.0,284.0,3.0,146.0,157.8947,0.7503751875937965,159.92000000000007,324.0,0.0,129.0
r,266.8000667000214,49.30798732699683,67,r,49.29399999999996,72.0,295.0,1.0,167.0,158.7302,0.7670501917625501,156.4434782608691,324.0,0.0,129.0
l,283.4750708687679,49.67483741870936,67,l,49.73199999999994,72.0,288.0,3.0,140.0,158.7302,0.7503751875938036,159.91999999999857,328.0,0.0,129.0
r,283.4750708687679,50.07503751875938,68,r,50.04999999999996,73.0,286.0,2.0,156.0,160.8579,0.7503751875937965,159.92000000000007,328.0,0.0,129.0
l,283.4750708687608,50.42521260630316,68,l,50.487999999999936,73.0,298.0,3.0,136.0,160.8579,0.7503751875937894,159.9200000000016,328.0,0.0,129.0
r,266.8000667000143,50.82541270635318,69,r,50.79599999999996,74.0,288.0,2.0,145.0,159.1512,0.7503751875937965,159.92000000000007,328.0,0.0,129.0
l,283.4750708687679,51.17558779389695,69,l,51.23399999999993,74.0,278.0,3.0,173.0,162.6016,0.767050191762543,156.4434782608706,328.0,0.0,129.0
r,266.8000667000143,51.57578789394697,70,r,51.54999999999996,75.0,298.0,2.0,149.0,159.3625,0.7503751875937965,159.92000000000007,328.0,0.0,129.0
l,283.4750708687679,51.942637985659495,70,l,51.97199999999993,75.0,293.0,3.0,172.0,158.9404,0.7503751875937965,159.92000000000007,328.0,0.0,129.0
r,283.4750708687679,52.32616308154077,71,r,52.30299999999996,76.0,300.0,2.0,137.0,163.4877,0.7503751875937965,159.92000000000007,328.0,0.0,129.0
l,266.8000667000214,52.69301317325329,71,l,52.72699999999994,76.0,293.0,3.0,160.0,162.6016,0.7337001834250501,163.55454545454452,328.0,0.0,130.0
r,283.4750708687608,53.076538269134566,72,r,53.03699999999996,77.0,302.0,2.0,163.0,158.9404,0.7337001834250501,163.55454545454452,328.0,0.0,130.0
l,283.4750708687679,53.42671335667834,72,l,,,,,,,0.7337001834250358,163.55454545454768,328.0,0.0,130.0
r,283.4750708687679,53.81023845255962,73,r,53.791999999999966,78.0,290.0,1.0,190.0,160.4278,0.767050191762543,156.4434782608706,328.0,0.0,130.0
l,300.1500750375285,54.16041354010338,73,l,,,,,,,0.7837251959313107,153.114893617019,328.0,0.0,130.0
r,283.4750708687679,54.57728864432216,74,r,54.53999999999996,79.0,304.0,1.0,189.0,156.658,0.7503751875938036,159.91999999999857,328.0,0.0,130.0
l,316.825079206275,54.94413873603469,74,l,,,,,,,0.767050191762543,156.4434782608706,328.0,0.0,130.0
r,333.5000833750143,55.32766383191596,75,r,55.30599999999995,80.0,296.0,2.0,191.0,157.8947,0.767050191762543,156.4434782608706,328.0,0.0,130.0
l,266.8000667000214,55.71118892779723,75,l,55.742999999999945,80.0,292.0,3.0,174.0,156.25,0.7503751875937965,159.92000000000007,328.0,0.0,130.0
r,266.8000667000143,56.094714023678506,76,r,56.06599999999995,81.0,292.0,3.0,196.0,156.4537,0.7503751875937965,159.92000000000007,328.0,0.0,130.0
l,283.475070868775,56.46156411539103,76,l,56.51099999999993,81.0,288.0,3.0,204.0,157.0681,0.7503751875937894,159.9200000000016,328.0,0.0,130.0
r,283.4750708687679,56.8450892112723,77,r,56.83299999999995,82.0,290.0,2.0,204.0,158.7302,0.7670501917625501,156.4434782608691,328.0,0.0,132.0
l,283.475070868775,57.21193930298482,77,l,57.27499999999993,82.0,299.0,3.0,175.0,160.2136,0.7670501917625572,156.4434782608677,328.0,0.0,132.0
r,283.4750708687679,57.61213940303485,78,r,57.58899999999995,83.0,291.0,2.0,201.0,161.2903,0.7503751875937965,159.92000000000007,324.0,0.0,133.0
l,283.4750708687679,57.978989494747374,78,l,58.02399999999994,83.0,293.0,3.0,183.0,161.7251,0.733700183425043,163.55454545454612,324.0,0.0,133.0
r,266.8000667000143,58.36251459062865,79,r,58.33299999999995,84.0,292.0,2.0,208.0,156.4537,0.733700183425043,163.55454545454612,324.0,0.0,133.0
l,283.475070868775,58.71268967817242,79,l,58.76599999999993,84.0,289.0,3.0,234.0,155.8442,0.7503751875938036,159.91999999999857,324.0,0.0,133.0
r,300.1500750375214,59.09621477405369,80,r,59.099999999999945,85.0,285.0,2.0,197.0,159.1512,0.7670501917625501,156.4434782608691,324.0,0.0,133.0
l,283.4750708687679,59.46306486576622,80,l,59.53599999999992,85.0,288.0,3.0,298.0,159.5745,0.7837251959312965,153.11489361702175,324.0,0.0,133.0
r,283.4750708687679,59.86326496581624,81,r,59.85399999999995,86.0,295.0,1.0,183.0,160.0,0.7670501917625501,156.4434782608691,320.0,0.0,135.0
l,283.4750708687679,60.24679006169752,81,l,60.28799999999992,86.0,294.0,3.0,299.0,158.7302,0.7670501917625501,156.4434782608691,320.0,0.0,135.0
r,283.4750708687679,60.63031515757879,82,r,60.603999999999935,87.0,296.0,2.0,185.0,159.5745,0.767050191762543,156.4434782608706,320.0,0.0,136.0
l,283.475070868775,61.01384025346007,82,l,61.04399999999992,87.0,294.0,3.0,299.0,160.0,0.733700183425043,163.55454545454612,320.0,0.0,136.0
r,266.8000667000214,61.397365349341335,83,r,61.355999999999945,88.0,302.0,2.0,208.0,154.8387,0.7503751875938036,159.91999999999857,320.0,0.0,136.0
l,283.4750708687679,61.74754043688511,83,l,61.79399999999992,88.0,282.0,4.0,308.0,157.8947,0.7670501917625501,156.4434782608691,320.0,0.0,137.0
r,283.4750708687679,62.14774053693514,84,r,62.130999999999936,89.0,292.0,2.0,200.0,160.4278,0.7503751875937965,159.92000000000007,320.0,0.0,137.0
l,283.4750708687679,62.51459062864766,84,l,62.55399999999991,89.0,289.0,3.0,283.0,156.0468,0.7503751875937965,159.92000000000007,324.0,0.0,137.0
r,283.4750708687679,62.898115724528935,85,r,62.87899999999994,90.0,292.0,2.0,190.0,159.1512,0.7503751875937965,159.92000000000007,324.0,0.0,137.0
l,283.475070868775,63.26496581624146,85,l,63.32299999999992,90.0,285.0,3.0,283.0,160.4278,0.7503751875937894,159.9200000000016,324.0,0.0,137.0
r,283.4750708687679,63.64849091212273,86,r,63.63299999999993,91.0,282.0,3.0,189.0,159.1512,0.7503751875937965,159.92000000000007,324.0,0.0,138.0
l,316.8250792062821,64.01534100383525,86,l,64.07099999999993,91.0,292.0,3.0,297.0,159.5745,0.7503751875938036,159.91999999999857,324.0,0.0,138.0
r,300.1500750375214,64.39886609971653,87,r,64.38699999999994,92.0,284.0,3.0,197.0,158.9404,0.7670501917625501,156.4434782608691,324.0,0.0,138.0
l,283.4750708687608,64.76571619142905,87,l,64.82299999999992,92.0,292.0,3.0,235.0,158.3113,0.7503751875937894,159.9200000000016,324.0,0.0,139.0
r,283.4750708687608,65.16591629147908,88,r,65.14199999999994,93.0,295.0,2.0,155.0,160.4278,0.7503751875937894,159.9200000000016,324.0,0.0,139.0
l,283.4750708687608,65.51609137902284,88,l,65.58099999999992,93.0,292.0,3.0,162.0,159.1512,0.7670501917625501,156.4434782608691,324.0,0.0,140.0
r,283.475070868775,65.91629147907287,89,r,65.88999999999993,94.0,294.0,2.0,111.0,157.4803,0.7670501917625501,156.4434782608691,324.0,0.0,140.0
l,283.475070868775,66.28314157078539,89,l,66.33499999999991,94.0,290.0,2.0,156.0,160.4278,0.7670501917625501,156.4434782608691,324.0,0.0,140.0
r,283.475070868775,66.68334167083542,90,r,66.65199999999993,95.0,300.0,2.0,109.0,160.2136,0.7670501917625501,156.4434782608691,324.0,0.0,142.0
l,283.475070868775,67.05019176254794,90,l,67.08299999999991,95.0,290.0,3.0,165.0,156.658,0.7503751875938036,159.91999999999857,324.0,0.0,142.0
r,283.4750708687608,67.45039186259797,91,r,67.40099999999993,96.0,292.0,2.0,110.0,158.3113,0.733700183425043,163.55454545454612,324.0,0.0,142.0
l,300.1500750375214,67.80056695014174,91,l,67.8489999999999,96.0,295.0,2.0,133.0,158.9404,0.7503751875937894,159.9200000000016,324.0,0.0,143.0
r,283.475070868775,68.18409204602301,92,r,68.15899999999993,97.0,298.0,2.0,106.0,157.8947,0.7670501917625501,156.4434782608691,324.0,0.0,143.0
l,300.1500750375214,68.55094213773553,92,l,68.60399999999991,97.0,295.0,3.0,187.0,160.4278,0.7670501917625501,156.4434782608691,324.0,0.0,144.0
r,283.4750708687608,68.95114223778556,93,r,68.91899999999993,98.0,294.0,2.0,103.0,161.2903,0.7670501917625501,156.4434782608691,324.0,0.0,144.0
l,316.8250792062679,69.31799232949808,93,l,69.3519999999999,98.0,295.0,3.0,240.0,160.0,0.7503751875938036,159.91999999999857,324.0,0.0,144.0
r,266.8000667000143,69.71819242954811,94,r,69.66299999999993,99.0,288.0,2.0,109.0,159.787,0.733700183425043,163.55454545454612,320.0,0.0,144.0
l,283.4750708687608,70.06836751709189,94,l,70.1019999999999,99.0,296.0,3.0,224.0,160.0,0.733700183425043,163.55454545454612,320.0,0.0,144.0
r,283.475070868775,70.45189261297315,95,r,70.41399999999993,100.0,278.0,3.0,133.0,160.4278,0.7503751875938036,159.91999999999857,320.0,0.0,144.0
l,300.1500750375214,70.80206770051693,95,l,70.8519999999999,100.0,290.0,3.0,223.0,161.2903,0.7670501917625501,156.4434782608691,320.0,0.0,145.0
r,266.8000667000143,71.20226780056696,96,r,71.16199999999992,101.0,292.0,2.0,132.0,158.1028,0.7503751875937894,159.9200000000016,320.0,0.0,145.0
l,283.4750708687608,71.56911789227948,96,l,71.5959999999999,101.0,292.0,2.0,255.0,156.658,0.7503751875937894,159.9200000000016,320.0,0.0,145.0
r,283.475070868775,71.95264298816075,97,r,71.92099999999994,102.0,294.0,2.0,131.0,155.2393,0.7670501917625501,156.4434782608691,320.0,0.0,145.0
l,283.475070868775,72.31949307987327,97,l,72.3619999999999,102.0,286.0,3.0,289.0,158.7302,0.7670501917625501,156.4434782608691,320.0,0.0,145.0
r,266.8000667000143,72.7196931799233,98,r,72.69399999999993,103.0,287.0,1.0,146.0,159.3625,0.7670501917625501,156.4434782608691,324.0,0.0,145.0
l,283.475070868775,73.08654327163582,98,l,73.1179999999999,103.0,286.0,3.0,288.0,157.6873,0.7670501917625501,156.4434782608691,324.0,0.0,145.0
r,283.4750708687608,73.48674337168585,99,r,73.44699999999995,104.0,292.0,2.0,124.0,160.0,0.7503751875937894,159.9200000000016,324.0,0.0,145.0
l,283.4750708687608,73.85359346339837,99,l,73.87899999999989,104.0,289.0,3.0,283.0,157.8947,0.733700183425043,163.55454545454612,324.0,0.0,145.0
r,283.475070868775,74.23711855927964,100,r,74.19699999999992,105.0,292.0,2.0,144.0,159.787,0.7503751875938036,159.91999999999857,324.0,0.0,145.0
l,283.475070868775,74.58729364682341,100,l,74.6389999999999,105.0,285.0,3.0,224.0,161.7251,0.7670501917625501,156.4434782608691,324.0,0.0,146.0
r,283.4750708687608,74.98749374687344,101,r,,,,,,,0.7503751875937894,159.9200000000016,324.0,0.0,146.0
l,283.4750708687608,75.35434383858596,101,l,75.38099999999989,106.0,291.0,2.0,162.0,156.658,0.7670501917625501,156.4434782608691,324.0,0.0,146.0
r,266.8000667000285,75.73786893446723,102,r,75.70599999999993,107.0,295.0,2.0,157.0,158.7302,0.7670501917625501,156.4434782608691,320.0,0.0,147.0
l,266.8000667000143,76.12139403034851,102,l,76.14699999999988,107.0,292.0,3.0,160.0,158.3113,0.7503751875937894,159.9200000000016,320.0,0.0,147.0
r,283.475070868775,76.50491912622978,103,r,76.46199999999993,108.0,296.0,2.0,132.0,155.4404,0.7670501917625501,156.4434782608691,320.0,0.0,147.0
l,283.475070868775,76.8717692179423,103,l,76.90499999999989,108.0,288.0,3.0,197.0,158.3113,0.7670501917625501,156.4434782608691,320.0,0.0,147.0
r,266.8000667000143,77.27196931799233,104,r,77.23399999999992,109.0,294.0,2.0,139.0,161.9433,0.7503751875938036,159.91999999999857,320.0,0.0,147.0
l,300.1500750375214,77.63881940970485,104,l,77.66299999999988,109.0,296.0,3.0,171.0,156.8627,0.7503751875938036,159.91999999999857,320.0,0.0,147.0
r,283.4750708687608,78.02234450558613,105,r,77.97499999999994,110.0,283.0,3.0,144.0,155.8442,0.7503751875937894,159.9200000000016,320.0,0.0,147.0
l,283.4750708687608,78.38919459729865,105,l,78.42799999999988,110.0,285.0,3.0,144.0,159.1512,0.7670501917625501,156.4434782608691,320.0,0.0,147.0
r,283.475070868775,78.77271969317992,106,r,78.74499999999992,111.0,294.0,2.0,131.0,157.4803,0.7670501917625501,156.4434782608691,316.0,0.0,147.0
l,266.8000667000143,79.1562447890612,106,l,79.18199999999987,111.0,291.0,3.0,140.0,155.4404,0.7503751875937894,159.9200000000016,316.0,0.0,147.0
r,283.4750708687608,79.53976988494247,107,r,79.50699999999992,112.0,290.0,2.0,143.0,158.7302,0.7670501917625501,156.4434782608691,312.0,0.0,147.0
l,300.1500750375214,79.906619976655,107,l,79.95399999999987,112.0,288.0,3.0,162.0,159.1512,0.7670501917625501,156.4434782608691,312.0,0.0,147.0
r,266.8000667000143,80.30682007670502,108,r,80.26299999999992,113.0,294.0,2.0,128.0,158.9404,0.7503751875937894,159.9200000000016,312.0,0.0,147.0
l,266.8000667000143,80.67367016841754,108,l,80.70799999999987,113.0,294.0,3.0,176.0,158.3113,0.733700183425043,163.55454545454612,312.0,0.0,146.0
r,266.8000667000285,81.05719526429881,109,r,81.01799999999992,114.0,283.0,2.0,111.0,155.8442,0.7337001834250572,163.55454545454293,312.0,0.0,146.0
l,300.1500750375214,81.40737035184259,109,l,81.46599999999987,114.0,286.0,3.0,194.0,160.0,0.7670501917625501,156.4434782608691,312.0,0.0,146.0
r,283.4750708687608,81.79089544772387,110,r,81.78799999999993,115.0,294.0,2.0,110.0,159.1512,0.7837251959312965,153.11489361702175,312.0,0.0,145.0
l,266.8000667000143,82.17442054360514,110,l,82.21599999999987,115.0,285.0,3.0,198.0,157.8947,0.7670501917625501,156.4434782608691,312.0,0.0,145.0
r,266.8000667000143,82.57462064365517,111,r,82.54199999999992,116.0,290.0,2.0,111.0,158.3113,0.7503751875937894,159.9200000000016,312.0,0.0,145.0
l,283.4750708687608,82.94147073536769,111,l,82.97599999999986,116.0,287.0,3.0,162.0,156.4537,0.7503751875937894,159.9200000000016,312.0,0.0,145.0
r,283.475070868775,83.32499583124896,112,r,83.2999999999999,117.0,296.0,3.0,150.0,157.6873,0.7503751875938036,159.91999999999857,312.0,0.0,145.0
l,283.475070868775,83.69184592296148,112,l,83.74299999999987,117.0,291.0,3.0,159.0,158.3113,0.7670501917625501,156.4434782608691,312.0,0.0,145.0
r,283.4750708687608,84.07537101884276,113,r,84.06099999999992,118.0,296.0,2.0,147.0,158.7302,0.7670501917625501,156.4434782608691,312.0,0.0,145.0
l,283.475070868775,84.45889611472403,113,l,84.50099999999986,118.0,282.0,3.0,154.0,158.7302,0.7503751875938036,159.91999999999857,312.0,0.0,145.0
r,283.4750708687608,84.84242121060531,114,r,,,,,,,0.7503751875937894,159.9200000000016,312.0,0.0,146.0
l,283.4750708687608,85.20927130231783,114,l,85.25699999999985,119.0,290.0,3.0,157.0,157.4803,0.7503751875937894,159.9200000000016,312.0,0.0,146.0
r,283.475070868775,85.5927963981991,115,r,85.5809999999999,120.0,292.0,2.0,122.0,157.8947,0.7670501917625501,156.4434782608691,316.0,0.0,146.0
l,300.1500750375214,85.95964648991162,115,l,86.01899999999985,120.0,286.0,3.0,139.0,160.4278,0.7837251959312965,153.11489361702175,316.0,0.0,146.0
r,283.475070868775,86.35984658996165,116,r,86.34099999999992,121.0,294.0,2.0,153.0,158.9404,0.7503751875938036,159.91999999999857,316.0,0.0,146.0
l,266.8000667000285,86.74337168584292,116,l,86.76699999999985,121.0,290.0,3.0,129.0,157.6873,0.7337001834250572,163.55454545454293,320.0,0.0,147.0
r,283.4750708687608,87.11022177755545,117,r,87.09599999999992,122.0,297.0,2.0,159.0,158.3113,0.7670501917625359,156.44347826087204,320.0,0.0,147.0
l,283.4750708687608,87.47707186926797,117,l,87.52799999999985,122.0,287.0,3.0,119.0,157.8947,0.7503751875937894,159.9200000000016,320.0,0.0,147.0
r,283.475070868775,87.87727196931799,118,r,87.8539999999999,123.0,280.0,3.0,165.0,159.5745,0.7503751875938036,159.91999999999857,320.0,0.0,148.0
l,300.1500750375214,88.22744705686176,118,l,88.28799999999984,123.0,295.0,3.0,121.0,158.3113,0.7670501917625501,156.4434782608691,320.0,0.0,148.0
r,283.4750708687608,88.62764715691179,119,r,88.60599999999991,124.0,284.0,3.0,170.0,157.4803,0.7503751875937894,159.9200000000016,324.0,0.0,148.0
l,283.475070868775,88.99449724862431,119,l,89.04599999999985,124.0,286.0,3.0,117.0,157.8947,0.7670501917625501,156.4434782608691,324.0,0.0,148.0
r,283.475070868775,89.37802234450558,120,r,89.36799999999991,125.0,282.0,3.0,229.0,159.787,0.7670501917625359,156.44347826087204,324.0,0.0,148.0
l,283.4750708687608,89.76154744038686,120,l,89.80599999999984,125.0,292.0,3.0,136.0,157.4803,0.7670501917625359,156.44347826087204,324.0,0.0,148.0
r,283.4750708687892,90.14507253626812,121,r,90.11899999999991,126.0,287.0,3.0,193.0,156.25,0.7503751875938036,159.91999999999857,324.0,0.0,148.0
l,283.4750708687608,90.5285976321494,121,l,90.56799999999984,126.0,290.0,3.0,136.0,157.0681,0.7503751875938036,159.91999999999857,324.0,0.0,148.0
r,300.1500750375356,90.89544772386192,122,r,90.88699999999992,127.0,286.0,3.0,102.0,157.4803,0.783725195931325,153.1148936170162,324.0,0.0,148.0
l,283.475070868775,91.2789728197432,122,l,91.33199999999984,127.0,288.0,3.0,133.0,158.3113,0.7670501917625643,156.4434782608662,324.0,0.0,148.0
r,266.8000667000001,91.67917291979325,123,r,91.64899999999987,128.0,294.0,2.0,142.0,159.787,0.7503751875937894,159.9200000000016,324.0,0.0,148.0
l,283.4750708687465,92.04602301150577,123,l,92.08999999999985,128.0,293.0,3.0,136.0,160.6426,0.7503751875937894,159.9200000000016,324.0,0.0,148.0
r,283.4750708687608,92.42954810738703,124,r,92.39999999999988,129.0,284.0,3.0,114.0,157.8947,0.7503751875937894,159.9200000000016,324.0,0.0,148.0
l,283.4750708687608,92.79639819909956,124,l,92.83699999999985,129.0,295.0,3.0,135.0,157.8947,0.733700183425043,163.55454545454612,324.0,0.0,148.0
r,283.475070868775,93.17992329498082,125,r,93.15999999999993,130.0,282.0,3.0,115.0,157.4803,0.6503251625812965,184.52307692307528,324.0,0.0,148.0
l,300.1500750375214,93.5300983825246,125,l,,,,,,,0.7837251959312965,153.11489361702175,324.0,0.0,148.0
r,400.2001000500144,93.83024845756212,126,r,93.92199999999988,131.0,306.0,1.0,114.0,160.0,0.867100216775043,138.39230769230946,324.0,0.0,148.0
l,283.4750708687892,94.3138235784559,126,l,94.35899999999984,131.0,296.0,3.0,124.0,156.658,0.7670501917625501,156.4434782608691,324.0,0.0,148.0
r,300.1500750375214,94.69734867433716,127,r,94.67199999999988,132.0,288.0,3.0,111.0,156.0468,0.7670501917625501,156.4434782608691,324.0,0.0,148.0
l,283.4750708687608,95.08087377021845,127,l,95.12499999999984,132.0,286.0,3.0,126.0,158.7302,0.7670501917625501,156.4434782608691,324.0,0.0,148.0
r,283.4750708687608,95.46439886609971,128,r,95.44099999999987,133.0,300.0,1.0,7.0,160.8579,0.7837251959312823,153.1148936170245,324.0,0.0,148.0
l,283.4750708687608,95.847923961981,128,l,95.88099999999984,133.0,302.0,2.0,126.0,159.787,0.7670501917625643,156.4434782608662,324.0,0.0,149.0
r,283.4750708688034,96.248124062031,129,r,96.1869999999999,134.0,295.0,1.0,49.0,153.4527,0.7503751875938036,159.91999999999857,324.0,0.0,149.0
l,283.4750708687465,96.61497415374356,129,l,96.63199999999983,134.0,307.0,3.0,124.0,152.6718,0.7670501917625216,156.44347826087494,324.0,0.0,150.0
r,283.4750708688034,96.9984992496248,130,r,96.96899999999988,135.0,304.0,1.0,144.0,153.8462,0.7670501917625643,156.4434782608662,324.0,0.0,150.0
l,266.8000667000427,97.38202434550608,130,l,97.41799999999982,135.0,297.0,3.0,125.0,155.4404,0.7670501917625643,156.4434782608662,324.0,0.0,150.0
r,300.1500750375214,97.76554944138736,131,r,97.74899999999988,136.0,298.0,2.0,122.0,156.25,0.7670501917625501,156.4434782608691,320.0,0.0,150.0
l,283.4750708687608,98.14907453726865,131,l,98.18999999999984,136.0,284.0,3.0,116.0,157.8947,0.7503751875937894,159.9200000000016,320.0,0.0,150.0
r,283.4750708687608,98.53259963314991,132,r,98.51699999999988,137.0,294.0,2.0,129.0,159.1512,0.7670501917625501,156.4434782608691,320.0,0.0,151.0
l,283.4750708687608,98.89944972486244,132,l,98.94999999999982,137.0,290.0,3.0,122.0,157.8947,0.7670501917625643,156.4434782608662,320.0,0.0,151.0
r,283.4750708687608,99.29964982491246,133,r,99.27099999999987,138.0,294.0,2.0,206.0,158.1028,0.7503751875937752,159.92000000000465,320.0,0.0,151.0
l,283.4750708687608,99.666499916625,133,l,99.7099999999998,138.0,288.0,3.0,135.0,155.642,0.7670501917625359,156.44347826087204,320.0,0.0,151.0
r,283.4750708688034,100.05002501250624,134,r,,,,,,,0.7670501917625643,156.4434782608662,320.0,0.0,151.0
l,283.4750708687608,100.43355010838754,134,l,100.4809999999998,139.0,287.0,3.0,157.0,160.0,0.7670501917625501,156.4434782608691,320.0,0.0,151.0
r,283.4750708687608,100.8170752042688,135,r,100.79599999999988,140.0,288.0,3.0,193.0,157.4803,0.7670501917625501,156.4434782608691,320.0,0.0,151.0
l,283.4750708687608,101.20060030015009,135,l,101.2309999999998,140.0,293.0,3.0,161.0,154.6392,0.7503751875937894,159.9200000000016,320.0,0.0,151.0
r,283.4750708687608,101.58412539603135,136,r,101.55799999999988,141.0,300.0,2.0,197.0,156.25,0.7670501917625501,156.4434782608691,320.0,0.0,152.0
l,283.4750708687608,101.95097548774388,136,l,102.0069999999998,141.0,288.0,4.0,145.0,155.8442,0.7670501917625643,156.4434782608662,320.0,0.0,152.0
r,283.4750708687608,102.3511755877939,137,r,102.32599999999984,142.0,296.0,2.0,199.0,154.2416,0.7670501917625359,156.44347826087204,320.0,0.0,152.0
l,300.1500750375214,102.71802567950644,137,l,102.7769999999998,142.0,288.0,3.0,150.0,156.25,0.7670501917625359,156.44347826087204,324.0,0.0,151.0
r,283.4750708687608,103.11822577955644,138,r,103.10399999999989,143.0,296.0,2.0,227.0,158.1028,0.7670501917625643,156.4434782608662,324.0,0.0,151.0
l,300.1500750375072,103.48507587126898,138,l,103.5449999999998,143.0,276.0,3.0,154.0,159.5745,0.7837251959313107,153.114893617019,324.0,0.0,151.0
r,300.1500750375214,103.885275971319,139,r,103.86299999999986,144.0,297.0,2.0,243.0,160.0,0.7670501917625359,156.44347826087204,324.0,0.0,152.0
l,283.4750708687608,104.26880106720029,139,l,104.2969999999998,144.0,293.0,3.0,159.0,156.4537,0.7337001834250287,163.55454545454927,324.0,0.0,152.0
r,283.475070868775,104.65232616308154,140,r,104.61299999999986,145.0,282.0,3.0,241.0,155.4404,0.7503751875938036,159.91999999999857,324.0,0.0,152.0
l,300.1500750375214,105.00250125062531,140,l,105.0639999999998,145.0,279.0,3.0,149.0,157.4803,0.7670501917625501,156.4434782608691,324.0,0.0,152.0
r,316.8250792062537,105.40270135067534,141,r,105.38499999999983,146.0,292.0,2.0,164.0,157.8947,0.7670501917625501,156.4434782608691,324.0,0.0,152.0
l,300.1500750375356,105.76955144238786,141,l,105.8259999999998,146.0,292.0,3.0,139.0,158.7302,0.7670501917625359,156.44347826087204,324.0,0.0,152.0
r,283.4750708687465,106.1697515424379,142,r,106.14499999999984,147.0,303.0,1.0,163.0,156.4537,0.7670501917625501,156.4434782608691,324.0,0.0,152.0
l,300.1500750375356,106.5366016341504,142,l,106.5819999999998,147.0,296.0,2.0,120.0,155.8442,0.7670501917625643,156.4434782608662,324.0,0.0,152.0
r,333.5000833750143,106.93680173420044,143,r,106.91199999999986,148.0,297.0,1.0,164.0,158.7302,0.7837251959312965,153.11489361702175,324.0,0.0,152.0
l,300.1500750375214,107.30365182591297,143,l,107.3519999999998,148.0,296.0,3.0,121.0,157.2739,0.7670501917625359,156.44347826087204,324.0,0.0,152.0
r,283.4750708687608,107.72052693013174,144,r,107.66799999999984,149.0,286.0,3.0,197.0,153.8462,0.7503751875937752,159.92000000000465,324.0,0.0,152.0
l,300.1500750375214,108.0707020176755,144,l,108.1149999999998,149.0,291.0,3.0,151.0,156.658,0.7837251959312965,153.11489361702175,324.0,0.0,152.0
r,283.4750708687892,108.47090211772552,145,r,108.44799999999984,150.0,296.0,2.0,195.0,157.4803,0.783725195931325,153.1148936170162,324.0,0.0,152.0
l,283.4750708687608,108.8544272136068,145,l,108.88099999999982,150.0,295.0,3.0,145.0,153.8462,0.7670501917625643,156.4434782608662,324.0,0.0,152.0
r,283.4750708687608,109.25462731365684,146,r,109.20999999999984,151.0,302.0,2.0,162.0,156.25,0.7503751875938036,159.91999999999857,324.0,0.0,152.0
l,283.4750708687608,109.62147740536936,146,l,109.6609999999998,151.0,292.0,3.0,136.0,157.8947,0.7670501917625359,156.44347826087204,324.0,0.0,152.0
r,300.1500750375214,110.00500250125064,147,r,109.97799999999984,152.0,292.0,2.0,127.0,157.2739,0.7670501917625359,156.44347826087204,324.0,0.0,152.0
l,283.4750708687892,110.3885275971319,147,l,,,,,,,0.7503751875938036,159.91999999999857,324.0,0.0,152.0
r,283.4750708687608,110.77205269301318,148,r,110.7409999999998,153.0,277.0,3.0,123.0,157.0681,0.7503751875937752,159.92000000000465,324.0,0.0,152.0
l,300.1500750375214,111.1389027847257,148,l,111.1849999999998,153.0,290.0,3.0,135.0,155.642,0.7503751875937752,159.92000000000465,324.0,0.0,152.0
r,300.1500750375214,111.52242788060695,149,r,111.50499999999982,154.0,280.0,2.0,127.0,156.25,0.7670501917625643,156.4434782608662,324.0,0.0,152.0
l,300.1500750375214,111.88927797231948,149,l,111.9559999999998,154.0,289.0,2.0,144.0,157.8947,0.8004002001000856,149.92499999999333,324.0,0.0,152.0
r,283.475070868775,112.28947807236952,150,r,112.27299999999984,155.0,294.0,2.0,131.0,158.7302,0.7837251959312965,153.11489361702175,324.0,0.0,152.0
l,283.4750708687608,112.68967817241956,150,l,112.71599999999978,155.0,292.0,3.0,139.0,157.0681,0.7503751875937752,159.92000000000465,324.0,0.0,152.0
r,283.4750708687892,113.07320326830082,151,r,113.0289999999998,156.0,288.0,3.0,132.0,155.4404,0.7670501917625501,156.4434782608691,324.0,0.0,152.0
l,283.4750708687892,113.44005336001334,151,l,113.47999999999978,156.0,290.0,3.0,131.0,155.8442,0.7503751875938036,159.91999999999857,324.0,0.0,152.0
r,266.8000667000143,113.84025346006337,152,r,113.80099999999982,157.0,304.0,3.0,122.0,156.4537,0.7503751875937894,159.9200000000016,324.0,0.0,152.0
l,300.1500750375214,114.19042854760714,152,l,114.24999999999976,157.0,292.0,3.0,101.0,157.8947,0.7837251959312965,153.11489361702175,324.0,0.0,152.0
r,300.1500750375214,114.59062864765716,153,r,114.56799999999978,158.0,294.0,2.0,122.0,158.7302,0.7670501917625501,156.4434782608691,324.0,0.0,152.0
l,300.1500750375214,114.97415374353844,153,l,115.0099999999998,158.0,288.0,3.0,133.0,157.6873,0.7503751875938036,159.91999999999857,324.0,0.0,152.0
r,283.475070868775,115.3576788394197,154,r,115.32399999999978,159.0,292.0,2.0,127.0,155.4404,0.7670501917625501,156.4434782608691,324.0,0.0,152.0
l,300.1500750375214,115.72452893113224,154,l,115.7709999999998,159.0,285.0,3.0,139.0,156.658,0.7670501917625359,156.44347826087204,324.0,0.0,152.0
r,283.4750708687892,116.12472903118226,155,r,116.09599999999978,160.0,294.0,1.0,144.0,156.25,0.7670501917625501,156.4434782608691,324.0,0.0,152.0
l,283.4750708687892,116.49157912289478,155,l,116.5369999999998,160.0,295.0,2.0,145.0,155.8442,0.7670501917625501,156.4434782608691,324.0,0.0,152.0
r,283.475070868775,116.8917792229448,156,r,116.86399999999978,161.0,296.0,1.0,156.0,156.8627,0.7837251959312965,153.11489361702175,324.0,0.0,151.0
l,316.8250792062679,117.25862931465733,156,l,117.3069999999998,161.0,286.0,3.0,156.0,156.25,0.7837251959312965,153.11489361702175,324.0,0.0,151.0
r,283.475070868775,117.6755044188761,157,r,117.6289999999998,162.0,291.0,2.0,158.0,155.0388,0.7670501917625359,156.44347826087204,324.0,0.0,152.0
l,283.475070868775,118.04235451058862,157,l,118.0749999999998,162.0,294.0,3.0,178.0,155.0388,0.7670501917625359,156.44347826087204,324.0,0.0,152.0
r,266.8000667000427,118.44255461063864,158,r,118.4029999999998,163.0,291.0,2.0,153.0,155.0388,0.7670501917625643,156.4434782608662,324.0,0.0,152.0
l,283.4750708688034,118.80940470235116,158,l,118.84899999999982,163.0,288.0,3.0,179.0,155.2393,0.7670501917625643,156.4434782608662,324.0,0.0,152.0
r,283.475070868775,119.2096048024012,159,r,119.1769999999998,164.0,294.0,2.0,157.0,158.3113,0.7670501917625643,156.4434782608662,324.0,0.0,152.0
l,283.475070868775,119.57645489411372,159,l,119.62199999999982,164.0,289.0,3.0,186.0,159.5745,0.7670501917625501,156.4434782608691,320.0,0.0,152.0
r,283.4750708687465,119.97665499416377,160,r,119.9349999999998,165.0,292.0,2.0,134.0,156.658,0.7503751875937752,159.92000000000465,320.0,0.0,152.0
l,283.4750708687608,120.34350508587627,160,l,120.3739999999998,165.0,290.0,3.0,184.0,158.7302,0.733700183425043,163.55454545454612,320.0,0.0,152.0
r,283.475070868775,120.72703018175754,161,r,120.70099999999982,166.0,294.0,2.0,133.0,161.5074,0.7670501917625359,156.44347826087204,320.0,0.0,152.0
l,300.1500750375214,121.07720526930132,161,l,121.1299999999998,166.0,294.0,3.0,157.0,155.8442,0.7670501917625643,156.4434782608662,320.0,0.0,152.0
r,283.4750708688034,121.49408037352008,162,r,121.44399999999982,167.0,283.0,2.0,138.0,156.25,0.7503751875938178,159.91999999999555,320.0,0.0,152.0
l,300.1500750375214,121.84425546106388,162,l,121.8999999999998,167.0,292.0,3.0,200.0,158.7302,0.7837251959312823,153.1148936170245,320.0,0.0,152.0
r,283.4750708687608,122.2444555611139,163,r,122.21199999999982,168.0,297.0,2.0,142.0,156.25,0.7837251959313107,153.114893617019,320.0,0.0,152.0
l,300.1500750375214,122.62798065699516,163,l,122.6559999999998,168.0,292.0,3.0,207.0,157.6873,0.7670501917625501,156.4434782608691,320.0,0.0,151.0
r,283.4750708687608,123.0281807570452,164,r,122.97999999999982,169.0,288.0,3.0,148.0,158.7302,0.7670501917625359,156.44347826087204,320.0,0.0,151.0
l,283.4750708687608,123.39503084875771,164,l,123.4169999999998,169.0,293.0,3.0,203.0,156.25,0.7670501917625501,156.4434782608691,320.0,0.0,151.0
r,266.8000667000143,123.79523094880774,165,r,123.7359999999998,170.0,286.0,3.0,148.0,154.6392,0.7503751875937752,159.92000000000465,320.0,0.0,152.0
l,283.4750708687608,124.16208104052026,165,l,124.1849999999998,170.0,293.0,3.0,180.0,157.4803,0.7670501917625359,156.44347826087204,320.0,0.0,152.0
r,300.1500750375214,124.54560613640152,166,r,124.5119999999998,171.0,299.0,2.0,155.0,156.8627,0.783725195931325,153.1148936170162,320.0,0.0,152.0
l,283.4750708687608,124.9291312322828,166,l,124.9469999999998,171.0,298.0,3.0,228.0,156.658,0.7670501917625643,156.4434782608662,320.0,0.0,152.0
r,283.4750708687608,125.32933133233284,167,r,125.2769999999998,172.0,305.0,2.0,148.0,158.7302,0.7503751875938036,159.91999999999857,320.0,0.0,152.0
l,316.8250792062821,125.69618142404536,167,l,125.71299999999982,172.0,306.0,3.0,230.0,157.4803,0.7503751875938036,159.91999999999857,320.0,0.0,152.0
r,300.1500750375214,126.07970651992665,168,r,126.0329999999998,173.0,302.0,2.0,142.0,159.5745,0.7503751875937894,159.9200000000016,320.0,0.0,152.0
l,316.8250792062537,126.44655661163917,168,l,126.47499999999982,173.0,294.0,3.0,233.0,157.6873,0.7670501917625359,156.44347826087204,320.0,0.0,152.0
r,300.1500750375072,126.83008170752043,169,r,126.7849999999998,174.0,300.0,2.0,161.0,157.0681,0.73370018347957,163.5545454423911,320.0,0.0,152.0
l,283.475070868775,127.2136068034017,169,l,127.23599999999982,174.0,446.0,3.0,227.0,159.1512,0.7503751875938036,159.91999999999857,320.0,0.0,152.0
r,300.1500749999906,127.563781891,170,r,127.54899999999978,175.0,280.0,3.0,153.0,154.4402,0.7670501917080088,156.4434782719931,320.0,0.0,152.0
l,283.475070868775,127.9639819909955,170,l,127.98999999999984,175.0,285.0,3.0,186.0,155.8442,0.7503751875937894,159.9200000000016,320.0,0.0,152.0
r,300.1500750375214,128.330832082708,171,r,128.3259999999998,176.0,289.0,1.0,153.0,159.1512,0.8004002001000572,149.92499999999865,320.0,0.0,152.0
l,283.475070868775,128.7143571785893,171,l,128.75999999999985,176.0,420.0,3.0,176.0,157.4803,0.7837251959313107,153.114893617019,320.0,0.0,153.0
r,283.475070868775,129.13123228280807,172,r,129.0799999999998,177.0,297.0,1.0,135.0,156.658,0.7670501917625643,156.4434782608662,320.0,0.0,153.0
l,283.4750708687465,129.4980823745206,172,l,129.52199999999985,177.0,290.0,3.0,165.0,155.4404,0.7670501917625359,156.44347826087204,320.0,0.0,153.0
r,283.4750708687465,129.89828247457064,173,r,129.8459999999998,178.0,294.0,2.0,127.0,155.0388,0.7670501917625359,156.44347826087204,320.0,0.0,153.0
l,283.475070868775,130.26513256628314,173,l,130.29399999999987,178.0,423.0,3.0,154.0,155.642,0.7837251959313107,153.114893617019,320.0,0.0,153.0
r,283.475070868775,130.66533266633317,174,r,130.6199999999998,179.0,298.0,2.0,121.0,156.658,0.7670501917625359,156.44347826087204,320.0,0.0,154.0
l,283.4750708687465,131.04885776221445,174,l,131.06499999999986,179.0,430.0,3.0,107.0,156.658,0.7503751875937894,159.9200000000016,320.0,0.0,154.0
r,283.475070868775,131.4323828580957,175,r,131.38599999999985,180.0,298.0,1.0,142.0,157.2739,0.7670501917625643,156.4434782608662,320.0,0.0,154.0
l,300.1500750375214,131.79923294980824,175,l,131.83099999999985,180.0,293.0,3.0,113.0,157.0681,0.7670501917625359,156.44347826087204,320.0,0.0,154.0
r,283.475070868775,132.19943304985827,176,r,132.1489999999998,181.0,297.0,2.0,142.0,157.4803,0.7503751875937894,159.9200000000016,320.0,0.0,154.0
l,283.475070868775,132.56628314157078,176,l,132.59499999999986,181.0,290.0,3.0,120.0,158.3113,0.7503751875938178,159.91999999999555,320.0,0.0,154.0
r,300.1500750375214,132.94980823745206,177,r,,,,,,,0.7503751875937894,159.9200000000016,320.0,0.0,154.0
l,300.150075037493,133.3166583291646,177,l,133.35299999999987,182.0,288.0,3.0,148.0,158.3113,0.7503751875938178,159.91999999999555,320.0,0.0,154.0
r,300.1500750375214,133.70018342504585,178,r,133.6809999999998,183.0,294.0,2.0,127.0,160.4278,0.7837251959313107,153.114893617019,320.0,0.0,154.0
l,300.150075037493,134.0670335167584,178,l,134.11099999999988,183.0,286.0,3.0,140.0,156.25,0.7670501917625074,156.44347826087784,320.0,0.0,154.0
r,283.475070868775,134.48390862097716,179,r,134.4289999999998,184.0,296.0,1.0,109.0,156.658,0.733700183425043,163.55454545454612,320.0,0.0,154.0
l,283.475070868775,134.83408370852092,179,l,,,,,,,0.7670501917625643,156.4434782608662,320.0,0.0,155.0
r,283.475070868775,135.2176088044022,180,r,135.19499999999982,185.0,293.0,2.0,143.0,156.8627,0.7670501917625359,156.44347826087204,320.0,0.0,155.0
l,283.4750708687465,135.6011339002835,180,l,135.62799999999987,185.0,293.0,3.0,157.0,155.4404,0.733700183425043,163.55454545454612,320.0,0.0,155.0
r,283.475070868775,135.98465899616474,181,r,135.9599999999998,186.0,297.0,1.0,183.0,159.1512,0.7670501917625643,156.4434782608662,320.0,0.0,155.0
l,300.1500750375214,136.33483408370853,181,l,136.39999999999986,186.0,290.0,3.0,165.0,159.5745,0.7837251959312823,153.1148936170245,320.0,0.0,155.0
r,283.475070868775,136.7517091879273,182,r,136.71399999999983,187.0,300.0,2.0,196.0,157.4803,0.7503751875937894,159.9200000000016,320.0,0.0,156.0
l,300.1500750375214,137.1185592796398,182,l,137.15199999999987,187.0,295.0,3.0,168.0,155.0388,0.7503751875938178,159.91999999999555,320.0,0.0,156.0
r,300.150075037493,137.5020843755211,183,r,137.47599999999983,188.0,296.0,2.0,192.0,155.4404,0.7670501917625643,156.4434782608662,320.0,0.0,156.0
l,300.1500750375214,137.86893446723363,183,l,137.92599999999987,188.0,290.0,3.0,156.0,157.8947,0.7670501917625359,156.44347826087204,320.0,0.0,156.0
r,283.4750708687465,138.26913456728366,184,r,138.24799999999982,189.0,294.0,2.0,200.0,159.3625,0.7670501917625359,156.44347826087204,320.0,0.0,156.0
l,300.1500750375214,138.63598465899616,184,l,138.68599999999986,189.0,289.0,3.0,151.0,158.7302,0.7670501917625643,156.4434782608662,320.0,0.0,156.0
r,300.1500750375214,139.0361847590462,185,r,139.00099999999983,190.0,300.0,1.0,205.0,157.4803,0.7670501917625359,156.44347826087204,320.0,0.0,156.0
l,300.150075037493,139.40303485075873,185,l,139.4419999999999,190.0,295.0,3.0,130.0,154.8387,0.7670501917625359,156.44347826087204,320.0,0.0,156.0
r,283.475070868775,139.80323495080873,186,r,139.76299999999983,191.0,286.0,2.0,205.0,154.2416,0.7670501917625643,156.4434782608662,320.0,0.0,157.0
l,283.475070868775,140.17008504252126,186,l,,,,,,,0.7837251959313107,153.114893617019,320.0,0.0,157.0
r,283.475070868775,140.5702851425713,187,r,140.54099999999983,192.0,298.0,2.0,276.0,158.3113,0.7670501917625359,156.44347826087204,320.0,0.0,157.0
l,283.4750708687465,140.95381023845258,187,l,140.97499999999985,192.0,296.0,3.0,152.0,156.25,0.7503751875937894,159.9200000000016,320.0,0.0,157.0
r,300.1500750375214,141.33733533433383,188,r,141.29899999999986,193.0,290.0,3.0,240.0,156.8627,0.7503751875938178,159.91999999999555,320.0,0.0,157.0
l,283.475070868775,141.70418542604637,188,l,,,,,,,0.7670501917625359,156.44347826087204,316.0,0.0,157.0
r,300.150075037493,142.08771052192765,189,r,142.06399999999985,194.0,284.0,3.0,199.0,156.25,0.7670501917625359,156.44347826087204,316.0,0.0,157.0
l,283.475070868775,142.4712356178089,189,l,142.51299999999986,194.0,293.0,3.0,139.0,157.6873,0.7503751875937894,159.9200000000016,316.0,0.0,157.0
r,300.1500750375214,142.85476071369018,190,r,142.83199999999985,195.0,283.0,3.0,194.0,156.658,0.7670501917625359,156.44347826087204,316.0,0.0,158.0
l,283.4750708688034,143.2216108054027,190,l,143.27399999999986,195.0,277.0,3.0,143.0,157.4803,0.7670501917625359,156.44347826087204,316.0,0.0,158.0
r,300.1500750375214,143.62181090545272,191,r,143.59799999999987,196.0,294.0,2.0,176.0,157.4803,0.7670501917625643,156.4434782608662,312.0,0.0,158.0
l,300.1500750375498,143.98866099716523,191,l,144.0359999999999,196.0,292.0,3.0,184.0,157.0681,0.7837251959313107,153.114893617019,312.0,0.0,158.0
r,283.475070868775,144.38886109721528,192,r,144.35999999999987,197.0,294.0,2.0,211.0,156.658,0.7670501917847048,156.44347825635057,312.0,0.0,158.0
l,283.475070868775,144.77238619309654,192,l,144.79999999999987,197.0,290.0,3.0,180.0,155.4404,0.7503751875938178,159.91999999999555,308.0,0.0,158.0
r,283.4750620000079,145.155911289,193,r,145.1259999999999,198.0,290.0,2.0,206.0,157.2739,0.7670501917403953,156.44347826538768,308.0,0.0,158.0
l,300.1500750375214,145.52276138069035,193,l,145.57199999999986,198.0,288.0,3.0,181.0,157.4803,0.7837251959312823,153.1148936170245,304.0,0.0,158.0
r,283.4750708687465,145.92296148074038,194,r,145.88899999999987,199.0,291.0,2.0,197.0,157.4803,0.7670501917625359,156.44347826087204,304.0,0.0,158.0
l,283.475070868775,146.30648657662164,194,l,146.3339999999999,199.0,292.0,3.0,175.0,156.4537,0.7503751875937894,159.9200000000016,304.0,0.0,158.0
r,283.475070868775,146.69001167250292,195,r,146.6509999999999,200.0,289.0,3.0,123.0,157.4803,0.7670501917625359,156.44347826087204,304.0,0.0,158.0
l,300.1500750375498,147.05686176421543,195,l,147.10099999999986,200.0,297.0,3.0,150.0,157.0681,0.7670501917625643,156.4434782608662,304.0,0.0,158.0
r,283.475070868775,147.45706186426546,196,r,147.4129999999999,201.0,286.0,3.0,124.0,155.8442,0.7670501917625643,156.4434782608662,304.0,0.0,158.0
l,300.1500750375214,147.823911955978,196,l,147.86499999999987,201.0,295.0,3.0,158.0,157.8947,0.7670501917625359,156.44347826087204,304.0,0.0,158.0
r,283.475070868775,148.22411205602802,197,r,148.1829999999999,202.0,292.0,2.0,145.0,154.2416,0.7670501917625359,156.44347826087204,304.0,0.0,158.0
l,300.1500750375214,148.59096214774053,197,l,148.62499999999986,202.0,290.0,3.0,153.0,155.4404,0.7670501917625643,156.4434782608662,304.0,0.0,156.0
r,300.1500750375214,148.99116224779056,198,r,148.9609999999999,203.0,292.0,1.0,167.0,158.5205,0.7670501917625643,156.4434782608662,304.0,0.0,156.0
l,283.475070868775,149.3580123395031,198,l,149.39699999999985,203.0,276.0,4.0,145.0,156.4537,0.7670501917625359,156.44347826087204,304.0,0.0,156.0
r,283.475070868775,149.75821243955312,199,r,149.7179999999999,204.0,293.0,1.0,170.0,156.658,0.7670501917625359,156.44347826087204,308.0,0.0,154.0
l,283.475070868775,150.12506253126563,199,l,,,,,,,0.7670501917625643,156.4434782608662,308.0,0.0,154.0
r,283.475070868775,150.52526263131566,200,r,150.48399999999992,205.0,292.0,2.0,134.0,157.4803,0.7670501917625643,156.4434782608662,312.0,0.0,153.0
l,300.1500750375214,150.8921127230282,200,l,150.92799999999986,205.0,295.0,3.0,174.0,157.4803,0.7670501917625359,156.44347826087204,312.0,0.0,153.0
r,283.4750708687465,151.29231282307822,201,r,,,,,,,0.7670501917625359,156.44347826087204,312.0,0.0,153.0
l,300.1500750375214,151.65916291479073,201,l,151.68999999999988,206.0,290.0,3.0,169.0,155.4404,0.7837251959313107,153.114893617019,312.0,0.0,153.0
r,283.475070868775,152.05936301484076,202,r,152.01799999999992,207.0,292.0,2.0,154.0,158.5205,0.7837251959313107,153.114893617019,312.0,0.0,153.0
l,266.8000667000001,152.44288811072204,202,l,,,,,,,0.7503751875937894,159.9200000000016,312.0,0.0,153.0
r,266.8000667000001,152.84308821077207,203,r,152.77499999999992,208.0,296.0,2.0,159.0,155.4404,0.7503751875937894,159.9200000000016,312.0,0.0,153.0
l,300.1500750375214,153.19326329831583,203,l,153.22399999999988,208.0,290.0,3.0,181.0,156.25,0.7837251959313107,153.114893617019,312.0,0.0,153.0
r,283.475070868775,153.59346339836586,204,r,153.5469999999999,209.0,286.0,3.0,160.0,155.4404,0.7670501917625359,156.44347826087204,312.0,0.0,154.0
l,266.8000667000001,153.97698849424714,204,l,153.99199999999988,209.0,283.0,4.0,177.0,158.1028,0.7503751875937894,159.9200000000016,312.0,0.0,154.0
r,283.475070868775,154.3605135901284,205,r,154.31899999999993,210.0,290.0,2.0,146.0,159.1512,0.7670501917625643,156.4434782608662,312.0,0.0,154.0
l,300.1500750375214,154.72736368184093,205,l,154.75099999999986,210.0,291.0,3.0,198.0,157.8947,0.7503751875937894,159.9200000000016,316.0,0.0,154.0
r,283.4750708687465,155.12756378189096,206,r,155.07299999999992,211.0,298.0,1.0,126.0,159.5745,0.7670501917625359,156.44347826087204,316.0,0.0,154.0
l,300.1500750375214,155.47773886943472,206,l,155.51099999999985,211.0,294.0,3.0,217.0,157.0681,0.7837251959313107,153.114893617019,316.0,0.0,154.0
r,266.8000667000285,155.8946139736535,207,r,155.82499999999993,212.0,290.0,2.0,139.0,155.642,0.7503751875937894,159.9200000000016,316.0,0.0,154.0
l,283.4750708687465,156.26146406536603,207,l,156.27499999999986,212.0,296.0,3.0,227.0,155.0388,0.7503751875937894,159.9200000000016,316.0,0.0,154.0
r,283.475070868775,156.64498916124728,208,r,156.59599999999992,213.0,287.0,4.0,138.0,155.4404,0.7670501917625643,156.4434782608662,320.0,0.0,154.0
l,300.1500750375214,157.01183925295982,208,l,,,,,,,0.7837251959313107,153.114893617019,320.0,0.0,154.0
r,283.475070868775,157.41203935300985,209,r,,,,,,,0.7670501917625359,156.44347826087204,320.0,0.0,154.0
l,283.4750708687465,157.79556444889113,209,l,157.80499999999986,214.0,286.0,3.0,154.0,156.4537,0.7503751875937894,159.9200000000016,320.0,0.0,154.0
r,283.475070868775,158.17908954477238,210,r,158.1359999999999,215.0,292.0,2.0,136.0,160.8579,0.7670501917625927,156.44347826086045,320.0,0.0,154.0
l,283.475070868775,158.54593963648492,210,l,158.57199999999983,215.0,293.0,3.0,149.0,157.8947,0.7503751875937894,159.9200000000016,320.0,0.0,155.0
r,266.8000667000001,158.94613973653497,211,r,158.88199999999992,216.0,286.0,3.0,145.0,155.0388,0.7503751875937326,159.92000000001372,320.0,0.0,155.0
l,300.1500750375214,159.2963148240787,211,l,159.33199999999985,216.0,287.0,3.0,145.0,155.4404,0.7670501917625643,156.4434782608662,320.0,0.0,155.0
r,283.4750708688034,159.6965149241287,212,r,159.65599999999992,217.0,290.0,2.0,233.0,156.8627,0.7670501917625643,156.4434782608662,320.0,0.0,155.0
l,283.4750708687465,160.06336501584127,212,l,160.10399999999984,217.0,288.0,3.0,202.0,157.0681,0.8004002001000288,149.925000000004,320.0,0.0,155.0
r,283.475070868775,160.46356511589127,213,r,160.42099999999994,218.0,283.0,2.0,43.0,156.658,0.7670501917625643,156.4434782608662,320.0,0.0,155.0
l,266.8000667000285,160.8637652159413,213,l,160.86799999999982,218.0,292.0,3.0,191.0,156.25,0.7503751875938178,159.91999999999555,320.0,0.0,154.0
r,283.475070868775,161.23061530765384,214,r,161.18699999999993,219.0,293.0,2.0,40.0,155.8442,0.7837251959312823,153.1148936170245,320.0,0.0,154.0
l,300.150075037493,161.61414040353512,214,l,161.63599999999985,219.0,289.0,3.0,181.0,158.7302,0.7670501917625359,156.44347826087204,320.0,0.0,154.0
r,283.475070868775,162.01434050358512,215,r,161.95699999999994,220.0,286.0,2.0,30.0,157.8947,0.7503751875938178,159.91999999999555,320.0,0.0,154.0
l,283.475070868775,162.38119059529765,215,l,162.39199999999985,220.0,293.0,4.0,173.0,156.8627,0.7503751875937894,159.9200000000016,320.0,0.0,154.0
r,300.1500750375214,162.76471569117894,216,r,162.71699999999993,221.0,282.0,3.0,37.0,157.0681,0.7503751875937894,159.9200000000016,320.0,0.0,154.0
l,283.475070868775,163.13156578289144,216,l,163.15699999999984,221.0,291.0,3.0,178.0,157.0681,0.7503751875937894,159.9200000000016,320.0,0.0,154.0
r,300.1500750375214,163.51509087877272,217,r,163.48099999999994,222.0,290.0,2.0,66.0,158.5205,0.7670501917625359,156.44347826087204,316.0,0.0,154.0
l,283.475070868775,163.88194097048523,217,l,163.92099999999982,222.0,290.0,3.0,188.0,157.0681,0.7670501917625643,156.4434782608662,316.0,0.0,154.0
r,300.1500750375214,164.28214107053526,218,r,164.23799999999994,223.0,281.0,3.0,59.0,154.2416,0.7670501917625643,156.4434782608662,316.0,0.0,154.0
l,300.1500750375214,164.6489911622478,218,l,164.68499999999983,223.0,286.0,3.0,207.0,157.0681,0.8004002001000572,149.92499999999865,316.0,0.0,154.0
r,283.475070868775,165.04919126229782,219,r,165.0159999999999,224.0,281.0,2.0,62.0,159.1512,0.8004002001000572,149.92499999999865,316.0,0.0,154.0
l,266.8000667000001,165.44939136234785,219,l,165.4489999999998,224.0,294.0,3.0,220.0,156.658,0.7670501917625359,156.44347826087204,316.0,0.0,154.0
r,266.8000667000001,165.84959146239788,220,r,165.76999999999995,225.0,290.0,3.0,0.0,155.8442,0.7503751875937894,159.9200000000016,316.0,0.0,154.0
l,300.1500750375214,166.2164415541104,220,l,166.21499999999983,225.0,291.0,3.0,180.0,155.2393,0.7503751875937894,159.9200000000016,316.0,0.0,154.0
r,283.475070868775,166.59996664999167,221,r,166.53999999999996,226.0,288.0,3.0,165.0,157.0681,0.7503751875937894,159.9200000000016,316.0,0.0,154.0
l,283.475070868775,166.96681674170418,221,l,166.98799999999983,226.0,296.0,3.0,178.0,157.8947,0.7503751875938178,159.91999999999555,316.0,0.0,154.0
r,300.1500750375214,167.35034183758546,222,r,167.30399999999997,227.0,288.0,2.0,162.0,154.8387,0.7670501917625359,156.44347826087204,316.0,0.0,154.0
l,300.1500750375214,167.717191929298,222,l,167.74799999999982,227.0,286.0,3.0,176.0,155.0388,0.7670501917625359,156.44347826087204,316.0,0.0,154.0
r,283.475070868775,168.117392029348,223,r,,,,,,,0.7837251959313107,153.114893617019,316.0,0.0,154.0
l,300.1500750375214,168.48424212106053,223,l,168.52199999999982,228.0,294.0,3.0,174.0,156.0468,0.7837251959313107,153.114893617019,316.0,0.0,154.0
r,266.8000667000285,168.9011172252793,224,r,168.84499999999997,229.0,289.0,2.0,147.0,156.658,0.7670501917625643,156.4434782608662,320.0,0.0,154.0
l,283.4750708687465,169.26796731699184,224,l,169.29099999999983,229.0,291.0,3.0,177.0,157.0681,0.7670501917625359,156.44347826087204,320.0,0.0,154.0
r,283.4750708687465,169.66816741704187,225,r,169.61099999999996,230.0,288.0,2.0,132.0,157.4803,0.7670501917625359,156.44347826087204,320.0,0.0,154.0
l,283.475070868775,170.03501750875438,225,l,170.05499999999984,230.0,293.0,3.0,175.0,158.3113,0.7670501917625359,156.44347826087204,320.0,0.0,154.0
r,283.475070868775,170.4352176088044,226,r,170.37299999999996,231.0,288.0,3.0,126.0,157.0681,0.7670501917625359,156.44347826087204,320.0,0.0,154.0
l,283.475070868775,170.80206770051691,226,l,170.81299999999985,231.0,292.0,3.0,194.0,157.4803,0.7503751875938178,159.91999999999555,320.0,0.0,155.0
r,283.475070868775,171.20226780056694,227,r,,,,,,,0.7503751875938178,159.91999999999555,320.0,0.0,155.0
l,300.1500750375214,171.55244288811073,227,l,171.57499999999985,232.0,294.0,3.0,212.0,157.4803,0.7670501917625359,156.44347826087204,320.0,0.0,155.0
r,300.1500750375214,171.95264298816076,228,r,171.904,233.0,289.0,2.0,131.0,157.4803,0.7670501917625359,156.44347826087204,320.0,0.0,155.0
l,300.1500750375214,172.31949307987327,228,l,172.33699999999985,233.0,292.0,3.0,188.0,156.8627,0.7503751875937894,159.9200000000016,320.0,0.0,155.0
r,283.475070868775,172.7196931799233,229,r,172.666,234.0,284.0,3.0,122.0,159.1512,0.7670501917625359,156.44347826087204,320.0,0.0,155.0
l,300.1500750375214,173.06986826746706,229,l,173.10199999999986,234.0,298.0,3.0,187.0,157.0681,0.7670501917625643,156.4434782608662,320.0,0.0,155.0
r,283.475070868775,173.48674337168583,230,r,173.42000000000002,235.0,284.0,2.0,134.0,155.8442,0.7503751875938178,159.91999999999555,320.0,0.0,155.0
l,300.1500750375214,173.83691845922962,230,l,173.86599999999984,235.0,289.0,3.0,188.0,157.0681,0.7837251959312823,153.1148936170245,320.0,0.0,155.0
r,283.4750708687465,174.23711855927965,231,r,174.19000000000003,236.0,290.0,3.0,146.0,157.6873,0.7837251959312823,153.1148936170245,320.0,0.0,155.0
l,283.475070868775,174.6206436551609,231,l,174.62999999999985,236.0,293.0,3.0,190.0,157.0681,0.7503751875938178,159.91999999999555,320.0,0.0,155.0
r,266.8000667000285,175.02084375521093,232,r,174.95100000000002,237.0,288.0,3.0,161.0,156.25,0.7503751875938178,159.91999999999555,320.0,0.0,155.0
l,300.1500750375214,175.37101884275472,232,l,175.39399999999983,237.0,290.0,3.0,199.0,156.658,0.7670501917625359,156.44347826087204,320.0,0.0,155.0
r,300.150075037493,175.77121894280475,233,r,175.71900000000002,238.0,282.0,3.0,156.0,157.4803,0.7670501917625359,156.44347826087204,320.0,0.0,155.0
l,300.1500750375214,176.13806903451726,233,l,176.15999999999983,238.0,290.0,3.0,216.0,158.7302,0.7503751875937894,159.9200000000016,320.0,0.0,155.0
r,283.475070868775,176.5382691345673,234,r,176.48100000000002,239.0,296.0,1.0,150.0,158.7302,0.7670501917625359,156.44347826087204,320.0,0.0,156.0
l,300.1500750375214,176.88844422211105,234,l,176.91599999999983,239.0,282.0,3.0,192.0,154.4402,0.8004002001000572,149.92499999999865,320.0,0.0,156.0
r,283.475070868775,177.30531932632982,235,r,177.23700000000002,240.0,274.0,3.0,155.0,154.6392,0.7670501917625643,156.4434782608662,320.0,0.0,156.0
l,266.8000667000285,177.6888444222111,235,l,,,,,,,0.7503751875937894,159.9200000000016,320.0,0.0,156.0
r,316.8250792062395,178.0723695180924,236,r,178.013,241.0,286.0,2.0,161.0,157.2739,0.7670501917625359,156.44347826087204,320.0,0.0,156.0
l,300.1500750375214,178.4392196098049,236,l,178.45899999999986,241.0,289.0,3.0,166.0,157.0681,0.7837251959313107,153.114893617019,320.0,0.0,156.0
r,283.475070868775,178.83941970985492,237,r,178.776,242.0,293.0,2.0,161.0,159.5745,0.7670501917625643,156.4434782608662,320.0,0.0,156.0
l,316.8250792062679,179.2229448057362,237,l,179.22299999999984,242.0,294.0,3.0,161.0,160.0,0.7670501917625359,156.44347826087204,320.0,0.0,156.0
r,283.4750708687465,179.6064699016175,238,r,179.528,243.0,292.0,3.0,152.0,156.25,0.7670501917625074,156.44347826087784,320.0,0.0,156.0
l,283.475070868775,179.98999499749874,238,l,179.97299999999987,243.0,292.0,4.0,164.0,155.8442,0.7503751875938178,159.91999999999555,320.0,0.0,156.0
r,283.4750708688034,180.37352009338,239,r,180.296,244.0,294.0,3.0,143.0,155.8442,0.7503751876199942,159.9199999944168,320.0,0.0,156.0
l,283.4750708687465,180.74037018509256,239,l,180.74299999999988,244.0,297.0,3.0,179.0,157.6873,0.7503751875937894,159.9200000000016,320.0,0.0,156.0
r,283.475070999998,181.123895281,240,r,181.066,245.0,302.0,2.0,136.0,158.7302,0.7670501917364163,156.44347826619924,320.0,0.0,156.0
l,300.1500750375214,181.49074537268635,240,l,181.50399999999988,245.0,291.0,3.0,186.0,157.8947,0.7837251953136501,153.11489373769012,320.0,0.0,156.0
r,300.150075037493,181.8909454727364,241,r,181.822,246.0,286.0,3.0,145.0,155.2393,0.750375187593761,159.92000000000763,320.0,0.0,156.0
l,300.1500750000048,182.274470568,241,l,182.26399999999987,246.0,291.0,3.0,164.0,156.25,0.7337001840427035,163.5545453168588,320.0,0.0,156.0
r,300.1500750375214,182.64132066033017,242,r,182.595,247.0,295.0,2.0,145.0,159.5745,0.7670501917626211,156.44347826085462,320.0,0.0,156.0
l,316.8250792062679,183.0081707520427,242,l,183.03199999999987,247.0,288.0,3.0,158.0,157.4803,0.7670501917625359,156.44347826087204,320.0,0.0,156.0
r,300.150075037493,183.4083708520928,243,r,183.347,248.0,286.0,3.0,127.0,157.0681,0.767050191762479,156.4434782608836,320.0,0.0,156.0
l,300.1500750375498,183.77522094380524,243,l,183.79399999999987,248.0,292.0,3.0,151.0,157.8947,0.7670501917625359,156.44347826087204,320.0,0.0,156.0
r,283.475070868775,184.17542104385527,244,r,184.111,249.0,290.0,3.0,107.0,157.0681,0.7670501917625359,156.44347826087204,320.0,0.0,156.0
l,300.1500750375214,184.54227113556777,244,l,184.5539999999999,249.0,288.0,4.0,146.0,158.1028,0.7503751875938178,159.91999999999555,320.0,0.0,156.0
r,283.4750708687465,184.9424712356178,245,r,184.875,250.0,300.0,2.0,112.0,159.3625,0.7670501917625927,156.44347826086045,320.0,0.0,156.0
l,300.1500750375214,185.2926463231616,245,l,185.31299999999987,250.0,294.0,3.0,158.0,159.1512,0.7837251959312823,153.1148936170245,320.0,0.0,156.0
r,283.475070868775,185.7095214273804,246,r,185.628,251.0,290.0,3.0,153.0,157.0681,0.750375187593761,159.92000000000763,320.0,0.0,157.0
l,300.1500750375214,186.07637151909287,246,l,186.0669999999999,251.0,295.0,2.0,145.0,155.8442,0.7503751875938178,159.91999999999555,320.0,0.0,157.0
r,300.1500750375214,186.45989661497416,247,r,186.392,252.0,298.0,2.0,146.0,156.658,0.7670501917625359,156.44347826087204,320.0,0.0,157.0
l,300.1500750375214,186.8267467066867,247,l,186.83699999999988,252.0,282.0,3.0,127.0,157.4803,0.7670501917625359,156.44347826087204,320.0,0.0,157.0
r,283.475070868775,187.2269468067367,248,r,187.158,253.0,282.0,3.0,137.0,158.3113,0.7670501917625927,156.44347826086045,320.0,0.0,157.0
l,283.475070868775,187.59379689844923,248,l,187.5989999999999,253.0,278.0,3.0,107.0,156.25,0.7503751875938178,159.91999999999555,320.0,0.0,158.0
r,283.4750708687465,187.99399699849928,249,r,187.916,254.0,282.0,3.0,121.0,156.8627,0.7670501917625074,156.44347826087784,320.0,0.0,158.0
l,300.1500750374646,188.34417208604305,249,l,188.36699999999988,254.0,282.0,3.0,117.0,158.9404,0.7670501917625643,156.4434782608662,320.0,0.0,158.0
r,266.8000667000569,188.7610471902618,250,r,188.681,255.0,282.0,3.0,128.0,157.8947,0.7503751875938178,159.91999999999555,320.0,0.0,158.0
l,300.150075037493,189.1112222778056,250,l,189.12199999999987,255.0,291.0,3.0,117.0,157.0681,0.750375187593761,159.92000000000763,320.0,0.0,158.0
r,283.4750708688034,189.5114223778556,251,r,189.441,256.0,291.0,2.0,138.0,157.4803,0.7503751875937894,159.9200000000016,320.0,0.0,158.0
l,300.1500750375214,189.86159746539937,251,l,189.88599999999988,256.0,285.0,3.0,128.0,156.658,0.7670501917625359,156.44347826087204,320.0,0.0,158.0
r,283.475070868775,190.2617975654494,252,r,190.203,257.0,282.0,3.0,167.0,157.0681,0.7670501917625927,156.44347826086045,320.0,0.0,158.0
l,283.475070868775,190.6286476571619,252,l,190.65199999999987,257.0,287.0,3.0,141.0,158.3113,0.7670501917625643,156.4434782608662,320.0,0.0,158.0
r,283.4750708687465,191.028847757212,253,r,190.967,258.0,284.0,3.0,190.0,157.0681,0.7670501917880017,156.44347825567814,320.0,0.0,158.0
l,283.475070868775,191.39569784892447,253,l,,,,,,,0.7670501917625359,156.44347826087204,320.0,0.0,158.0
r,283.475070999998,191.795897949,254,r,191.731,259.0,284.0,3.0,147.0,156.4537,0.7670501917370416,156.4434782660717,320.0,0.0,158.0
l,300.1500750375214,192.162748040687,254,l,192.1739999999999,259.0,286.0,3.0,134.0,157.4803,0.7503751875937894,159.9200000000016,320.0,0.0,158.0
r,283.475070868775,192.56294814073703,255,r,192.498,260.0,291.0,2.0,155.0,157.4803,0.7670501917625643,156.4434782608662,320.0,0.0,159.0
l,300.1500750375214,192.9131232282808,255,l,192.9359999999999,260.0,292.0,3.0,133.0,156.4537,0.7670501917625643,156.4434782608662,320.0,0.0,159.0
r,266.8000667000001,193.3299983324996,256,r,193.26,261.0,292.0,2.0,161.0,159.5745,0.7503751875937894,159.9200000000016,320.0,0.0,159.0
l,283.4750708687465,193.68017342004336,256,l,193.7029999999999,261.0,287.0,3.0,153.0,158.7302,0.7670501917625359,156.44347826087204,320.0,0.0,159.0
r,283.475070868775,194.0803735200934,257,r,194.012,262.0,290.0,2.0,167.0,155.4404,0.7503751875938178,159.91999999999555,320.0,0.0,159.0
l,283.475070868775,194.4472236118059,257,l,,,,,,,0.7503751875938178,159.91999999999555,320.0,0.0,159.0
r,283.4750708687465,194.8307487076872,258,r,194.784,263.0,292.0,1.0,186.0,156.25,0.7837251959312823,153.1148936170245,320.0,0.0,159.0
l,300.1500750375214,195.1975987993997,258,l,195.2289999999999,263.0,280.0,3.0,162.0,156.25,0.7837251959312823,153.1148936170245,320.0,0.0,159.0
r,283.4750708687465,195.6144739036185,259,r,195.552,264.0,290.0,2.0,175.0,156.8627,0.7670501917625643,156.4434782608662,320.0,0.0,159.0
l,316.8250792062963,195.981323995331,259,l,195.9969999999999,264.0,284.0,3.0,203.0,156.658,0.7670501917625927,156.44347826086045,320.0,0.0,159.0
r,283.4750708687465,196.38152409538105,260,r,196.317,265.0,286.0,2.0,169.0,157.0681,0.7670501917625359,156.44347826087204,320.0,0.0,159.0
l,283.4750708687181,196.7483741870936,260,l,196.7629999999999,265.0,287.0,3.0,196.0,157.2739,0.7670501917625074,156.44347826087784,320.0,0.0,159.0
r,266.8000667000001,197.1485742871436,261,r,197.081,266.0,286.0,2.0,163.0,156.25,0.7503751875937041,159.92000000001977,320.0,0.0,159.0
l,283.475070868775,197.5154243788561,261,l,197.5259999999999,266.0,289.0,3.0,197.0,158.3113,0.7670501917625359,156.44347826087204,320.0,0.0,159.0
r,283.475070868775,197.8989494747373,262,r,197.849,267.0,288.0,2.0,160.0,159.1512,0.7670501917626211,156.44347826085462,320.0,0.0,159.0
l,283.475070868775,198.28247457061863,262,l,198.2839999999999,267.0,289.0,3.0,204.0,156.25,0.7503751875938178,159.91999999999555,320.0,0.0,159.0
r,283.475070868775,198.6659996664999,263,r,198.603,268.0,290.0,2.0,158.0,158.1028,0.7503751875937894,159.9200000000016,320.0,0.0,159.0
l,283.4750708687465,199.03284975821245,263,l,199.05199999999988,268.0,282.0,3.0,240.0,157.0681,0.7837251959312823,153.1148936170245,320.0,0.0,159.0
r,283.475070868775,199.4163748540937,264,r,199.362,269.0,279.0,3.0,162.0,156.658,0.7670501917625643,156.4434782608662,320.0,0.0,159.0
l,266.8000667000285,199.81657495414373,264,l,199.8159999999999,269.0,292.0,2.0,215.0,159.1512,0.7503751875938178,159.91999999999555,320.0,0.0,160.0
r,283.475070868775,200.18342504585627,265,r,200.128,270.0,288.0,3.0,167.0,158.3113,0.7670501917625359,156.44347826087204,320.0,0.0,160.0
l,283.4750708687465,200.56695014173755,265,l,200.5699999999999,270.0,296.0,3.0,192.0,157.2739,0.733700183425043,163.55454545454612,320.0,0.0,160.0
r,300.1500750375498,200.9504752376188,266,r,200.886,271.0,292.0,2.0,141.0,155.8442,0.7503751875938462,159.91999999998947,320.0,0.0,160.0
l,300.150075037493,201.3006503251626,266,l,201.33299999999988,271.0,302.0,3.0,194.0,157.4803,0.7670501917626211,156.44347826085462,320.0,0.0,160.0
r,300.1500750374646,201.70085042521265,267,r,201.656,272.0,296.0,2.0,144.0,158.9404,0.7837251959312539,153.1148936170301,320.0,0.0,160.0
l,300.150075037493,202.0677005169252,267,l,202.09499999999989,272.0,295.0,3.0,149.0,158.7302,0.767050191762479,156.4434782608836,320.0,0.0,160.0
r,283.475070868775,202.4845756211439,268,r,202.411,273.0,294.0,2.0,126.0,159.5745,0.7503751875937894,159.9200000000016,320.0,0.0,160.0
l,300.150075037493,202.8347507086877,268,l,202.85099999999989,273.0,293.0,2.0,163.0,157.0681,0.7670501917625359,156.44347826087204,320.0,0.0,160.0
r,283.475070868775,203.2349508087377,269,r,203.163,274.0,293.0,2.0,110.0,156.25,0.7670501917625359,156.44347826087204,320.0,0.0,160.0
l,283.475070868775,203.60180090045023,269,l,203.6149999999999,274.0,290.0,3.0,177.0,157.4803,0.7670501917625643,156.4434782608662,320.0,0.0,160.0
r,300.1500750375214,204.00200100050023,270,r,203.931,275.0,292.0,1.0,118.0,155.4404,0.7670501917625643,156.4434782608662,320.0,0.0,160.0
l,283.475070868775,204.3688510922128,270,l,204.3769999999999,275.0,292.0,2.0,175.0,156.0468,0.7837251959312823,153.1148936170245,320.0,0.0,160.0
r,283.4750708688034,204.7690511922628,271,r,204.703,276.0,294.0,2.0,125.0,156.658,0.7670501917625643,156.4434782608662,320.0,0.0,160.0
l,283.475070868775,205.15257628814408,271,l,205.1459999999999,276.0,293.0,3.0,138.0,157.4803,0.750375187593761,159.92000000000763,320.0,0.0,160.0
r,300.1500750375214,205.53610138402536,272,r,205.469,277.0,298.0,1.0,117.0,156.8627,0.7670501917625359,156.44347826087204,320.0,0.0,160.0
l,283.4750708688034,205.90295147573784,272,l,205.9079999999999,277.0,289.0,3.0,139.0,157.0681,0.7670501917625927,156.44347826086045,320.0,0.0,160.0
r,283.475070868775,206.3031515757879,273,r,206.234,278.0,296.0,2.0,117.0,159.1512,0.7670501917625927,156.44347826086045,320.0,0.0,160.0
l,283.475070868775,206.67000166750043,273,l,206.6719999999999,278.0,293.0,3.0,139.0,155.8442,0.7670501917625359,156.44347826087204,320.0,0.0,160.0
r,266.8000667000001,207.0702017675505,274,r,206.98800000000003,279.0,289.0,2.0,126.0,155.4404,0.750375187593761,159.92000000000763,320.0,0.0,160.0
l,283.4750708687465,207.43705185926297,274,l,,,,,,,0.7670501917626211,156.44347826085462,320.0,0.0,160.0
r,283.4750708688034,207.82057695514425,275,r,207.76,280.0,296.0,2.0,130.0,160.8579,0.7670501917625643,156.4434782608662,320.0,0.0,160.0
l,283.4750708687181,208.2041020510256,275,l,208.19599999999988,280.0,292.0,3.0,169.0,158.1028,0.7503751875937041,159.92000000001977,320.0,0.0,160.0
r,283.475070868775,208.5876271469068,276,r,208.50600000000003,281.0,288.0,3.0,162.0,156.4537,0.7503751875937894,159.9200000000016,320.0,0.0,160.0
l,300.1500750375498,208.9544772386193,276,l,208.9549999999999,281.0,297.0,3.0,147.0,156.658,0.7503751875938178,159.91999999999555,320.0,0.0,160.0
r,300.150075037493,209.3380023345006,277,r,209.273,282.0,286.0,3.0,157.0,155.0388,0.7670501917625927,156.44347826086045,320.0,0.0,160.0
l,300.1500750375214,209.7048524262131,277,l,209.7209999999999,282.0,293.0,3.0,149.0,157.4803,0.7670501917625643,156.4434782608662,320.0,0.0,160.0
r,283.4750708687465,210.1050525262632,278,r,210.04700000000005,283.0,293.0,1.0,153.0,160.0,0.767050191762479,156.4434782608836,320.0,0.0,160.0
l,300.1500750375214,210.47190261797567,278,l,210.4829999999999,283.0,293.0,3.0,171.0,158.3113,0.7670501917625359,156.44347826087204,320.0,0.0,160.0
r,283.475070868775,210.87210271802567,279,r,210.79700000000005,284.0,296.0,1.0,169.0,155.8442,0.7670501917625643,156.4434782608662,320.0,0.0,160.0
l,300.1500750375214,211.2389528097382,279,l,211.241,284.0,298.0,2.0,168.0,156.25,0.7503751875937894,159.9200000000016,320.0,0.0,160.0
r,283.475070868775,211.63915290978824,280,r,211.56700000000004,285.0,290.0,2.0,173.0,157.4803,0.7670501917625643,156.4434782608662,320.0,0.0,160.0
l,300.1500750375214,211.989327997332,280,l,212.0089999999999,285.0,290.0,3.0,174.0,157.4803,0.8004002001000288,149.925000000004,320.0,0.0,160.0
r,283.4750708687465,212.4062031015508,281,r,212.32900000000004,286.0,296.0,1.0,163.0,157.6873,0.7670501917625074,156.44347826087784,320.0,0.0,160.0
l,283.4750708688034,212.78972819743203,281,l,212.771,286.0,295.0,2.0,174.0,156.8627,0.7670501917625643,156.4434782608662,320.0,0.0,160.0
r,300.1500750375783,213.1732532933133,282,r,213.0900000000001,287.0,291.0,2.0,155.0,157.0681,0.7670501917625643,156.4434782608662,320.0,0.0,160.0
l,266.8000667000569,213.5567783891946,282,l,213.53599999999992,287.0,281.0,4.0,165.0,155.4404,0.7503751875938178,159.91999999999555,320.0,0.0,160.0
r,283.475070868775,213.94030348507587,283,r,213.85400000000004,288.0,292.0,3.0,175.0,156.658,0.7503751875938178,159.91999999999555,320.0,0.0,160.0
l,283.4750708688034,214.3071535767884,283,l,214.3079999999999,288.0,291.0,3.0,164.0,157.4803,0.767050191762479,156.4434782608836,320.0,0.0,160.0
r,300.1500750375214,214.6906786726697,284,r,214.6200000000001,289.0,284.0,3.0,137.0,156.25,0.7670501917625359,156.44347826087204,320.0,0.0,160.0
l,283.475070868775,215.0742037685509,284,l,215.07,289.0,292.0,3.0,180.0,156.658,0.7503751875939031,159.9199999999774,320.0,0.0,160.0
r,283.475070868775,215.45772886443223,285,r,215.3880000000001,290.0,292.0,2.0,137.0,157.2739,0.7670501917625643,156.4434782608662,320.0,0.0,160.0
l,300.1500750374646,215.8245789561448,285,l,215.836,290.0,290.0,3.0,156.0,157.4803,0.7670501917625074,156.44347826087784,320.0,0.0,160.0
r,300.150075037493,216.2247790561948,286,r,216.15100000000004,291.0,286.0,2.0,138.0,156.658,0.7670501917625359,156.44347826087204,320.0,0.0,160.0
l,300.150075037493,216.5916291479073,286,l,216.598,291.0,290.0,3.0,131.0,159.3625,0.7503751875937894,159.9200000000016,320.0,0.0,159.0
r,283.4750708687465,216.99182924795733,287,r,216.9170000000001,292.0,289.0,3.0,116.0,159.5745,0.7503751875937894,159.9200000000016,320.0,0.0,159.0
l,300.1500750375214,217.3420043355011,287,l,217.351,292.0,295.0,3.0,134.0,157.0681,0.7503751875937894,159.9200000000016,320.0,0.0,159.0
r,283.475070868775,217.74220443555112,288,r,217.66900000000004,293.0,288.0,2.0,144.0,157.4803,0.7670501917625359,156.44347826087204,320.0,0.0,160.0
l,300.1500750375214,218.09237952309488,288,l,218.11499999999995,293.0,291.0,3.0,163.0,158.3113,0.7837251959313107,153.114893617019,320.0,0.0,160.0
r,283.475070868775,218.50925462731365,289,r,218.43100000000004,294.0,286.0,2.0,154.0,158.3113,0.7670501917625927,156.44347826086045,324.0,0.0,160.0
l,283.475070868775,218.8761047190262,289,l,,,,,,,0.7837251959312823,153.1148936170245,324.0,0.0,160.0
r,266.8000667000001,219.27630481907624,290,r,219.18900000000005,295.0,292.0,1.0,171.0,156.4537,0.7670501917625074,156.44347826087784,324.0,0.0,160.0
l,266.8000667000285,219.65982991495747,290,l,219.643,295.0,290.0,3.0,173.0,157.8947,0.7670501917625643,156.4434782608662,324.0,0.0,160.0
r,283.4750708688034,220.04335501083875,291,r,219.95600000000005,296.0,295.0,2.0,162.0,157.8947,0.7670501917625359,156.44347826087204,324.0,0.0,160.0
l,283.475070868775,220.42688010672003,291,l,,,,,,,0.7503751875938178,159.91999999999555,324.0,0.0,160.0
r,283.4750708688034,220.8104052026013,292,r,220.71600000000004,297.0,298.0,2.0,168.0,157.0681,0.7503751875938178,159.91999999999555,324.0,0.0,160.0
l,283.4750708687465,221.17725529431385,292,l,221.16299999999995,297.0,294.0,3.0,142.0,158.9404,0.750375187593761,159.92000000000763,324.0,0.0,160.0
r,283.475070868775,221.5607803901951,293,r,221.48000000000005,298.0,294.0,2.0,165.0,157.8947,0.7503751875937894,159.9200000000016,324.0,0.0,160.0
l,300.1500750375498,221.9276304819076,293,l,221.91799999999992,298.0,293.0,3.0,173.0,155.8442,0.7503751875938178,159.91999999999555,324.0,0.0,160.0
r,300.150075037493,222.3111555777889,294,r,222.24000000000004,299.0,294.0,2.0,160.0,156.658,0.7670501917625359,156.44347826087204,324.0,0.0,160.0
l,300.150075037493,222.67800566950143,294,l,222.688,299.0,285.0,3.0,206.0,157.8947,0.750375187593761,159.92000000000763,324.0,0.0,160.0
r,283.475070868775,223.07820576955143,295,r,223.00600000000009,300.0,284.0,2.0,155.0,156.4537,0.7670501914485612,156.44347832490865,324.0,0.0,160.0
l,316.8250792062963,223.4283808570952,295,l,223.44799999999992,300.0,290.0,3.0,199.0,156.25,0.7837251959313392,153.11489361701342,324.0,0.0,160.0
r,283.475070999998,223.845255961,296,r,223.773,301.0,286.0,1.0,130.0,157.4803,0.7670501920765389,156.44347819682963,324.0,0.0,160.0
l,283.4750708687465,224.21210605302653,296,l,224.21599999999992,301.0,290.0,3.0,190.0,156.25,0.7837251959312823,153.1148936170245,324.0,0.0,160.0
r,283.475070868775,224.61230615307653,297,r,224.53500000000005,302.0,302.0,1.0,174.0,159.1512,0.7837251959313107,153.114893617019,324.0,0.0,160.0
l,283.475070868775,224.9958312489578,297,l,224.98399999999992,302.0,293.0,3.0,205.0,158.9404,0.7670501917625927,156.44347826086045,324.0,0.0,160.0
r,283.4750708688034,225.39603134900784,298,r,225.28900000000004,303.0,294.0,2.0,163.0,156.658,0.7503751875937894,159.9200000000016,324.0,0.0,160.0
l,283.4750708687181,225.7628814407204,298,l,,,,,,,0.750375187593761,159.92000000000763,324.0,0.0,160.0
r,283.475070868775,226.14640653660163,299,r,226.0550000000001,304.0,300.0,1.0,150.0,158.1028,0.7503751875938178,159.91999999999555,324.0,0.0,160.0
l,283.4750708687465,226.51325662831417,299,l,,,,,,,0.7670501917625359,156.44347826087204,324.0,0.0,160.0
r,300.1500750374646,226.89678172419545,300,r,226.81400000000005,305.0,277.0,3.0,144.0,156.25,0.7670501917625643,156.4434782608662,324.0,0.0,160.0
l,300.1500750375498,227.2803068200767,300,l,227.261,305.0,288.0,3.0,197.0,157.8947,0.7503751875937894,159.9200000000016,324.0,0.0,160.0
r,300.150075037493,227.663831915958,301,r,227.58200000000005,306.0,291.0,2.0,149.0,157.8947,0.767050191762479,156.4434782608836,324.0,0.0,160.0
l,300.1500750375214,228.0306820076705,301,l,228.021,306.0,294.0,3.0,165.0,156.4537,0.7670501917625359,156.44347826087204,324.0,0.0,160.0
r,283.4750708688034,228.4308821077205,302,r,228.34200000000004,307.0,288.0,2.0,150.0,160.4278,0.7670501917625927,156.44347826086045,324.0,0.0,160.0
l,283.4750708688034,228.79773219943303,302,l,228.78799999999995,307.0,290.0,3.0,135.0,157.6873,0.7670501917625643,156.4434782608662,324.0,0.0,159.0
r,283.4750708687465,229.19793229948309,303,r,229.09000000000003,308.0,284.0,3.0,149.0,154.4402,0.7503751875937894,159.9200000000016,324.0,0.0,159.0
l,283.4750708688034,229.5647823911956,303,l,229.54899999999995,308.0,293.0,3.0,138.0,157.6873,0.7670501917625643,156.4434782608662,320.0,0.0,159.0
r,283.475070868775,229.94830748707687,304,r,229.867,309.0,292.0,2.0,162.0,156.25,0.7670501917625359,156.44347826087204,320.0,0.0,159.0
l,283.475070868775,230.33183258295816,304,l,,,,,,,0.7670501917625359,156.44347826087204,320.0,0.0,159.0
r,283.4750708687465,230.7153576788394,305,r,230.63500000000005,310.0,291.0,2.0,112.0,155.0388,0.7670501917625927,156.44347826086045,320.0,0.0,159.0
l,283.475070868775,231.0988827747207,305,l,231.082,310.0,292.0,3.0,112.0,156.658,0.7503751875937894,159.9200000000016,320.0,0.0,159.0
r,300.150075037493,231.482407870602,306,r,231.40900000000005,311.0,296.0,1.0,118.0,160.8579,0.7837251959312823,153.1148936170245,320.0,0.0,159.0
l,300.1500750375214,231.84925796231448,306,l,231.848,311.0,435.0,3.0,106.0,158.7302,0.7837251959313107,153.114893617019,320.0,0.0,159.0
r,283.4750708687465,232.26613306653329,307,r,232.15500000000003,312.0,300.0,2.0,122.0,156.658,0.7503751875937894,159.9200000000016,320.0,0.0,159.0
l,283.475070868775,232.6329831582458,307,l,232.604,312.0,292.0,4.0,102.0,157.2739,0.7170251792562965,167.35813953488332,320.0,0.0,159.0
r,283.475070868775,233.01650825412707,308,r,232.92100000000005,313.0,296.0,2.0,171.0,155.2393,0.7670501917625359,156.44347826087204,320.0,0.0,159.0
l,316.8250792063247,233.3500083375021,308,l,233.367,313.0,275.0,3.0,138.0,156.658,0.8004002001000003,149.9250000000093,320.0,0.0,159.0
